id,pageNum,searchTerm,type,contributer,description,keywords,image_urls,images
1656935923,1,seamless+pattern+butterfly,vector,PatternsBlooming,Seamless vector pattern with white roses and daffodils flowers. Illustration with colorful butterflies and lilac leaves on a light blue background.,"pattern,flower,botanical,garden,seamless,abstract,design,backdrop,background,beautiful,botanic,butterfly,decoration,elegant,entomological,fabric,fashion,flight,flora,floral,fly,fragility,freehand,gentle,graphic,herbal,illustration,insects,natural,nature,openwork,plant,pretty,print,romantic,roses,sketchy,spring,summer,tenderness,textile,texture,tropical,vector,vintage,wallpaper,watercolor,wild,wildlife,wings",https://image.shutterstock.com/image-vector/seamless-vector-pattern-white-roses-600w-1656935923.jpg,"[{'url': 'https://image.shutterstock.com/image-vector/seamless-vector-pattern-white-roses-600w-1656935923.jpg', 'path': 'full/8c965dbf55acb6f2db9e96198495cc47bef2e1c3.jpg', 'checksum': '203ca8c54f40074fea1d3622b9fc79eb'}]"
784300345,1,seamless+pattern+butterfly,photo,KRIACHKO+OLEKSII,"Colors of rainbow. Pattern of multicolored butterflies morpho, texture background.","butterfly,rainbow,color,pattern,seamless,background,nature,abstract,bright,design,green,yellow,fancy,pretty,range,white,art,backdrop,beautiful,blue,colorful,cyan,decoration,exotic,fly,glowing,insect,light,line,morpho,natural,neon,orange,ornament,paints,purple,red,row,saturated,shape,style,texture,tropical,variety,violet,wave,wildlife,wings",https://image.shutterstock.com/image-photo/colors-rainbow-pattern-multicolored-butterflies-600w-784300345.jpg,"[{'url': 'https://image.shutterstock.com/image-photo/colors-rainbow-pattern-multicolored-butterflies-600w-784300345.jpg', 'path': 'full/cba6c506ec04195f27d515b4e8a6773f39a945be.jpg', 'checksum': '866c77977746ed60d95fdf4f22f23d9a'}]"
1494915617,1,seamless+pattern+butterfly,vector,Linda+Ayu+Pertiwi,"Seamless Pattern Kawaii Cute Cats, Cartoon Animals Background, Vector Illustration","cartoon,pattern,seamless,kawaii,kitten,butterfly,cute,colorful,funny,kitty,summer,animal,art,baby,background,blue,cat,cats,character,decorative,design,doodle,fabric,fruits,fun,graphic,green,grey,happy,hearts,illustration,japanese,kids,orange,paper,patterns,pet,pineapple,pink,plants,red,scrapbook,smile,textile,vector,wallpaper,watermelon,white,yellow",https://image.shutterstock.com/image-vector/seamless-pattern-kawaii-cute-cats-600w-1494915617.jpg,"[{'url': 'https://image.shutterstock.com/image-vector/seamless-pattern-kawaii-cute-cats-600w-1494915617.jpg', 'path': 'full/dc98afa6d9994eef92eb5ca23a4c089632e0e194.jpg', 'checksum': '21accf8cc5150fb5d3e43eee31ccb5c2'}]"
1563195874,1,seamless+pattern+butterfly,vector,Angelina+De+Sol,"Vector seamless childish pattern with fairy, flowers,rainbow and other elements. Fairy with a magic wand vector illustration. Seamless pattern with cartoon fairy for kids, girl.","fairy,pattern,butterfly,childish,seamless,cute,princess,illustration,print,background,cartoon,children,decorative,girl,magic,art,baby,beautiful,castle,creative,decoration,design,drawing,dream,element,fabric,fairy tale,female,floral,flowers,flying,graphic,greeting,hand drawn,happy,heart,holiday,love,magic wand,nature,pink,pretty,rainbow,star,stick,sweet,template,texture,vector,wallpaper",https://image.shutterstock.com/image-vector/vector-seamless-childish-pattern-fairy-600w-1563195874.jpg,"[{'url': 'https://image.shutterstock.com/image-vector/vector-seamless-childish-pattern-fairy-600w-1563195874.jpg', 'path': 'full/db49b4814fb1be1e3f01f14860302126519b45bf.jpg', 'checksum': '1f1a91352579f43e5c83d8268b8e9874'}]"
514698004,1,seamless+pattern+butterfly,illustration,Yana+Fefelova,"The pattern of  watercolor butterflies, hand drawing illustration. Pattern on white background.","butterfly,watercolor,pattern,seamless,white,blue,print,retro,art,background,illustration,painting,abstract,beautiful,color,colorful,decoration,decorative,design,drawing,element,fly,natural,nature,ornate,spring,summer,textile,violet,yellow",https://image.shutterstock.com/image-illustration/pattern-watercolor-butterflies-hand-drawing-600w-514698004.jpg,"[{'url': 'https://image.shutterstock.com/image-illustration/pattern-watercolor-butterflies-hand-drawing-600w-514698004.jpg', 'path': 'full/59b8d524a0619c4ebf3cb06e985783929046c6b9.jpg', 'checksum': '9685ef8c9a87553d5dd684a23decc9fe'}]"
526327450,1,seamless+pattern+butterfly,vector,olganikiparonak,Tender seamless pattern with flowers and butterflies. Vector floral illustration in vintage style.,"pattern,floral,flower,pastel,butterfly,seamless,vintage,spring,print,vector,background,soft,romantic,summer,retro,wallpaper,yellow,fabric,leaf,pink,abstract,collage,meadow,painting,flying,tender,textile,blossom,colorful,gray,image,nature,purple,rustic,square",https://image.shutterstock.com/image-vector/tender-seamless-pattern-flowers-butterflies-600w-526327450.jpg,"[{'url': 'https://image.shutterstock.com/image-vector/tender-seamless-pattern-flowers-butterflies-600w-526327450.jpg', 'path': 'full/98f1e23d94bcbfb8cbe5382374cb470718ba58ec.jpg', 'checksum': '86b519d177931c87dc35cbc4b7e7fce6'}]"
1500441302,1,seamless+pattern+butterfly,illustration,Lourecil,Seamless graphic colorful butterfly background. Butterflies textile design.,"seamless,butterfly,pattern,abstract,abstraction,animal,art,artwork,asian,background,beautiful,bright,china,color,colorful,decoration,decorative,design,drawing,elegant,fabric,fashion,fly,graphic,grunge,hand draw,handmade,illustration,insect,isolated,modern,nature,ornament,paint,paper,pretty,print,retro,sketch,spring,summer,textile,texture,tropical,vintage,wallpaper,watercolor,wildlife,wing,yellow",https://image.shutterstock.com/image-illustration/seamless-graphic-colorful-butterfly-background-600w-1500441302.jpg,"[{'url': 'https://image.shutterstock.com/image-illustration/seamless-graphic-colorful-butterfly-background-600w-1500441302.jpg', 'path': 'full/e9b7bf16c3d47fdf5837c79ae9e54744371c60ea.jpg', 'checksum': 'bcc43e8fb79fd5953e1dc56f35314a29'}]"
468250601,1,seamless+pattern+butterfly,vector,olganikiparonak,"Seamless pattern with butterflies and flowers blue, yellow, beige and brown colors, vector illustration in vintage style.","butterfly,flower,pattern,vintage,seamless,vector,background,romantic,blue,fabric,floral,beige,brown,collection,cover,summer,texture,colorful,flying,garden,illustration,meadow,nature,paper,print,provence,repetition,rustic,twig,wallpaper,yellow",https://image.shutterstock.com/image-vector/seamless-pattern-butterflies-flowers-blue-600w-468250601.jpg,"[{'url': 'https://image.shutterstock.com/image-vector/seamless-pattern-butterflies-flowers-blue-600w-468250601.jpg', 'path': 'full/90a05271f9fd874d25101dc889a037aa4b1c392f.jpg', 'checksum': 'a091c9748c6a7f9ddc11d2bd968ccb02'}]"
1111765058,1,seamless+pattern+butterfly,vector,olganikiparonak,Seamless pattern with flying gentle butterflies and flowers. Vector floral illustration on white background in vintage watercolor style.,"butterfly,watercolor,pattern,flower,vector,background,garden,spring,floral,print,seamless,botanical,insect,white,abstract,beige,blue,design,summer,template,vintage,air,art,beautiful,blossom,brown,composition,decoration,fabric,fly,illustration,nature,paint,paper,romantic,swatch,textile,texture,wallpaper,wing",https://image.shutterstock.com/image-vector/seamless-pattern-flying-gentle-butterflies-600w-1111765058.jpg,"[{'url': 'https://image.shutterstock.com/image-vector/seamless-pattern-flying-gentle-butterflies-600w-1111765058.jpg', 'path': 'full/881b6098dadfbc60b9953f630acd089140d79823.jpg', 'checksum': '4938d33003dbe56d92716b4c3c6f32b7'}]"
143846197,1,seamless+pattern+butterfly,vector,Magnia,Seamless watercolor butterfly pattern. Vector illustration,"butterfly,watercolor,pattern,vector,cute,pink,background,seamless,pretty,love,spring,dream,paper,watercolour,summer,fantasy,sky,insect,texture,abstract,fashion,vintage,color,happy,design,light,paint,shape,beauty,textile,wallpaper,bright,decor,fun,nature,stylish,art,graphic,joy,trendy,adorable,cover,creative,drawing,elegant,feminine,fly,illustration,season,style",https://image.shutterstock.com/image-vector/seamless-watercolor-butterfly-pattern-vector-600w-143846197.jpg,"[{'url': 'https://image.shutterstock.com/image-vector/seamless-watercolor-butterfly-pattern-vector-600w-143846197.jpg', 'path': 'full/d0e50bf0b291adb864cff3bcea2f3b695094772d.jpg', 'checksum': 'bbfc5f0af79f5cc1d81e2dd524f9f2ce'}]"
1810813174,1,seamless+pattern+butterfly,photo,KRIACHKO+OLEKSII,Colors of rainbow. Pattern of multicolored morpho butterflies,"butterfly,pattern,seamless,fancy,abstract,art,backdrop,background,beautiful,blue,bright,color,colorful,decoration,decorative,design,fabric,fashion,fly,glowing,green,insect,light,morpho,natural,nature,orange,ornament,paints,pretty,purple,rainbow,red,saturated,shape,spring,style,summer,textile,texture,tropical,variety,violet,wallpaper,watercolor,wave,white,wildlife,wings,yellow",https://image.shutterstock.com/image-photo/colors-rainbow-pattern-multicolored-morpho-600w-1810813174.jpg,"[{'url': 'https://image.shutterstock.com/image-photo/colors-rainbow-pattern-multicolored-morpho-600w-1810813174.jpg', 'path': 'full/0fa83aaaf0284f5a2ddb494e329f9a914a520031.jpg', 'checksum': '26111353c79f6e022c752948bcb63198'}]"
1722018157,1,seamless+pattern+butterfly,vector,GreyLilac,Vector pattern with high detailed tropic butterfly,"butterfly,seamless,illustration,pink,print,vector,background,beautiful,beauty,blue,colorful,cute,drawing,exotic,fabric,fashion,fly,insect,jungle,natural,nature,pattern,realistic,summer,textile,tropic,tropical,vintage,white,wing",https://image.shutterstock.com/image-vector/vector-pattern-high-detailed-tropic-600w-1722018157.jpg,"[{'url': 'https://image.shutterstock.com/image-vector/vector-pattern-high-detailed-tropic-600w-1722018157.jpg', 'path': 'full/b87eb06ed989d3fd071f51c64ffdec70489b017b.jpg', 'checksum': '2ceea0f78502f121af1c89bf3798bd4b'}]"
1714479586,1,seamless+pattern+butterfly,illustration,krisArt,"Watercolor colorful butterflies, isolated on white background. blue, yellow, pink and red butterfly spring illustration.","butterfly,pattern,seamless,watercolor,abstract,blue,animal,art,artistic,background,beautiful,beauty,blossom,bright,collection,color,colorful,decoration,decorative,design,drawing,drawn,elegant,element,floral,flower,fly,graphic,hand drawn,illustration,insect,isolated,natural,nature,paint,painting,pink,poster,retro,set,spring,style,summer,texture,wallpaper,white,wing,wings,yellow",https://image.shutterstock.com/image-illustration/watercolor-colorful-butterflies-isolated-on-600w-1714479586.jpg,"[{'url': 'https://image.shutterstock.com/image-illustration/watercolor-colorful-butterflies-isolated-on-600w-1714479586.jpg', 'path': 'full/87cb42cc07b6ad11cc866813e2f025eaccbc5625.jpg', 'checksum': 'aaca67f2d3395bdb0abab7a4aed646b1'}]"
1666436644,1,seamless+pattern+butterfly,illustration,SabinaZhukovets,"Watercolor illustration, seamless pattern ""Butterflies and flowers."" On a pale blue background. For printing on textiles, covers, wrapping paper, postcards and for other purposes.","floral,pattern,seamless,art,background,beautiful,blooming,blossom,blue,botanic,botanical,butterflies,butterfly,card,cover,cute,decoration,decorative,design,drawing,elegance,elegant,fabric,fashion,flora,flower,flying,garden,graphic,illustration,insect,leaf,natural,nature,ornament,paper,plant,print,retro,romantic,sketch,spring,style,summer,textile,texture,vintage,wallpaper,watercolor,wrapping",https://image.shutterstock.com/image-illustration/watercolor-illustration-seamless-pattern-butterflies-600w-1666436644.jpg,"[{'url': 'https://image.shutterstock.com/image-illustration/watercolor-illustration-seamless-pattern-butterflies-600w-1666436644.jpg', 'path': 'full/9bf840139e6b6ad844abd968967a34444e1e61e5.jpg', 'checksum': 'c52e5168077cc64b70cd18f1e360ff7f'}]"
1784320598,1,seamless+pattern+butterfly,vector,mamita,"Gold foil print flowers and butterflies on black background. Floral seamless pattern for fabrics, summer textiles, paper, wallpaper, interior decoration. Vector illustration. Vintage","interior,seamless,spring,background,beautiful,blossom,botanical,botany,bouquet,branch,butterflies,cover,curtains,cute,decoration,decorative,design,drawing,fabric,flora,floral,florist,floristic,flowers,foil,garden,gold,graphic,hand,illustration,leaves,luxurious,nature,paper,pattern,plant,print,realistic,retro,sketch,small,summer,template,textile,upholstery,vector,vintage,wallpaper,wrapping",https://image.shutterstock.com/image-vector/gold-foil-print-flowers-butterflies-600w-1784320598.jpg,"[{'url': 'https://image.shutterstock.com/image-vector/gold-foil-print-flowers-butterflies-600w-1784320598.jpg', 'path': 'full/a5e840a0f0fd66eddc0380a1fcfc110be4ae4704.jpg', 'checksum': '6989cf4ca7d11ae427cea8ed702026be'}]"
556507789,1,seamless+pattern+butterfly,vector,GreyLilac,Seamless peony roses and butterfly,"butterfly,flower,vector,pattern,rose,seamless,background,pink,vintage,botanical,beautiful,romantic,arrangement,card,cute,design,retro,collection,date,invitation,paper,wedding,artwork,celebration,classic,colorful,elegance,illustration,nature,peony",https://image.shutterstock.com/image-vector/seamless-peony-roses-butterfly-600w-556507789.jpg,"[{'url': 'https://image.shutterstock.com/image-vector/seamless-peony-roses-butterfly-600w-556507789.jpg', 'path': 'full/c88b352fbb9384d8b2d7413aab956215ab45fb31.jpg', 'checksum': '136f36062aade0c9ad28988bb2787dfb'}]"
1122007718,1,seamless+pattern+butterfly,illustration,IS+Studio,"Seamless pattern grunge design. Butterflies background with watercolor effect. Textile print for bed linen, jacket, package design, fabric and fashion concepts.","pattern,design,animal,seamless,butterfly,camo,camouflage,textile,decorative,green,watercolor,art,background,beautiful,beauty,bright,chaotic,creative,decoration,exotic,fabric,fashion,festive,gradient,insect,leopard,makhaon,mix,multicolored,nature,orange,print,random,retro,romantic,silhouette,silhouettes,spectrum,spring,summer,swallowtail,texture,trendy,unusual,vintage,vivid,wallpaper,watercolour,wrapping",https://image.shutterstock.com/image-illustration/seamless-pattern-grunge-design-butterflies-600w-1122007718.jpg,"[{'url': 'https://image.shutterstock.com/image-illustration/seamless-pattern-grunge-design-butterflies-600w-1122007718.jpg', 'path': 'full/3c3d8f943ab7d1b75fd2a457af82f154fc41a4ff.jpg', 'checksum': '1b66868ca38b800d5672440976dfba14'}]"
1026982855,1,seamless+pattern+butterfly,vector,Adrienn+Toth,seamless rainbow clouds spring pattern vector illustration,"pattern,rainbow,cute,butterfly,flower,seamless,baby,bee,print,vector,cartoon,happy,soft,sunshine,illustration,sun,spring,vintage,childish,love,smile,style,art,background,comic,design,fabric,graphic,interior,nursery,paper,repeat,simple,sweet,wallpaper,adorable,clouds,colorful,decoration,fashion,heaven,pastel,pink,polka dots,sky,stars,textile,turquoise,weather,yellow",https://image.shutterstock.com/image-vector/seamless-rainbow-clouds-spring-pattern-600w-1026982855.jpg,"[{'url': 'https://image.shutterstock.com/image-vector/seamless-rainbow-clouds-spring-pattern-600w-1026982855.jpg', 'path': 'full/d410190e284059db971f05a722f3ea8a25df07f0.jpg', 'checksum': '7b2a9b1ece3da2f7854422fe2ffd10da'}]"
1771870304,1,seamless+pattern+butterfly,illustration,krisArt,"Watercolor Woodland animals seamless pattern. Fabric wallpaper background Owl, hedgehog, fox and butterfly, Bunny rabbit forest squirrel and chipmunk, bear and bird baby animal, Scandinavian Nursery","fox,animal,seamless,watercolor,bunny,cartoon,deer,flower,owl,pattern,rabbit,scandinavian,animals,baby,background,badger,bear,bird,birthday,branches,character,child,chipmunk,collection,decor,decoration,design,drawing,fabric,floral,forest,hand,hare,hedgehog,illustration,invitation,kid,nature,nursery,poster,scrapbooking,squirrel,textile. wallpaper,white,wild,wildlife,wolf,woodland",https://image.shutterstock.com/image-illustration/watercolor-woodland-animals-seamless-pattern-600w-1771870304.jpg,"[{'url': 'https://image.shutterstock.com/image-illustration/watercolor-woodland-animals-seamless-pattern-600w-1771870304.jpg', 'path': 'full/b728caaffa35b7cd0872f7abd0a122a3306b6077.jpg', 'checksum': '27b8918e80980c64f009d360659b7018'}]"
1613822707,1,seamless+pattern+butterfly,vector,GreyLilac,Seamless pattern with raven and human skull,"seamless,goth,witch,art,background,bird,black,butterfly,candle,cat,crow,crystal,dark,dead,death,design,drawing,eye,golden,gothic,horror,insect,magic,moon,mystic,occult,raven,skull,witchcraft,yellow",https://image.shutterstock.com/image-vector/seamless-pattern-raven-human-skull-600w-1613822707.jpg,"[{'url': 'https://image.shutterstock.com/image-vector/seamless-pattern-raven-human-skull-600w-1613822707.jpg', 'path': 'full/dcdfac16052a6659426714565f7cae3cb937db22.jpg', 'checksum': 'a76c2093b7360c1cd1a2483edc0f579e'}]"
1795128295,1,seamless+pattern+butterfly,illustration,krisArt,"Watercolor Woodland animals seamless pattern. Fabric wallpaper background with Owl, hedgehog, fox and butterfly, Bunny rabbit set of forestbear and bird baby animal, Scandinavian Nursery","animals,baby,watercolor,wild,bear,deer,design,forest,pattern,animal,background,badger,bird,birthday,branches,bunny,cartoon,character,child,chipmunk,collection,decor,decoration,drawing,fabric,floral,flower,fox,hand,hare,hedgehog,illustration,invitation,kid,nature,nursery,owl,poster,rabbit,scandinavian,scrapbooking,seamless,squirrel,textile. wallpaper,white,wildlife,wolf,woodland",https://image.shutterstock.com/image-illustration/watercolor-woodland-animals-seamless-pattern-600w-1795128295.jpg,"[{'url': 'https://image.shutterstock.com/image-illustration/watercolor-woodland-animals-seamless-pattern-600w-1795128295.jpg', 'path': 'full/df72a77c8588aababe92f5723309f5b1e50bdcb2.jpg', 'checksum': '7a05a59888504a4a7594e1f94aac83d2'}]"
1740201839,1,seamless+pattern+butterfly,vector,Svetlana+Kononova,"Golden butterflies, chains and palm leaves on white background. Seamless vector pattern with tropical motifs. Template for scarves, dresses, shirts. Vintage textile collection.","chain,scarf,abstract,design,italian,pattern,seamless,accessories,art,background,baroque,beautiful,belts,bloom,blossom,border,botanical,butterflies,card,chains,decoration,dress,elegance,fabric,fashion,floral,flowers,gold,golden,hijab,jewel,jewelry,jungle,leather,leaves,night,palm,plant,print,purple,spanish,straps,summer,textile,texture,trendy,tropical,vector,vintage",https://image.shutterstock.com/image-vector/golden-butterflies-chains-palm-leaves-600w-1740201839.jpg,"[{'url': 'https://image.shutterstock.com/image-vector/golden-butterflies-chains-palm-leaves-600w-1740201839.jpg', 'path': 'full/4a2ceb9b9736128d450527661e64aa98f347483c.jpg', 'checksum': '2dad0f07e1636e472f8c6aafe54900db'}]"
471729329,1,seamless+pattern+butterfly,illustration,Anna_Zubkova,"Seamless pattern with silhouettes of butterflies and imitation of watercolor spots. Raster illustration. Perfect for greetings, invitations, rapping paper, textile, wedding and web design.","pattern,butterfly,seamless,watercolor,insect,design,splash,animal,announcement,art,background,banner,beautiful,beauty,celebration,color,colorful,contour,creative,decor,decoration,decorative,doodle,drawn,drop,fly,greeting,hand,happy,illustration,ink,invitation,lovely,nature,poster,raster,repeat,romance,romantic,shape,silhouette,sketch,summer,textile,wallpaper,watercolour,wedding,wrapping",https://image.shutterstock.com/image-illustration/seamless-pattern-silhouettes-butterflies-imitation-600w-471729329.jpg,"[{'url': 'https://image.shutterstock.com/image-illustration/seamless-pattern-silhouettes-butterflies-imitation-600w-471729329.jpg', 'path': 'full/1b4874427382a3fa144a1726ecb61dd98963c024.jpg', 'checksum': '9feb9a5949aaa4bbc6e82304338dbb56'}]"
1019135359,1,seamless+pattern+butterfly,illustration,JuliyaM,"Beautiful watercolor pattern with peony and rose flowers,  butterflies and green leaves. Illustration with pink flowers.","flower,floral,pattern,seamless,leaf,beautiful,drawing,garden,illustration,spring,wallpaper,abstract,art,background,beauty,blossom,botanical,bouquet,bright,butterflies,colorful,decoration,design,field,flora,graphic,green,meadow,nature,plant,romantic,rose,summer,texture,vintage,wild",https://image.shutterstock.com/image-illustration/beautiful-watercolor-pattern-peony-rose-600w-1019135359.jpg,"[{'url': 'https://image.shutterstock.com/image-illustration/beautiful-watercolor-pattern-peony-rose-600w-1019135359.jpg', 'path': 'full/f30841af81ce1011c3dc15291069a00270919098.jpg', 'checksum': 'ea037e3a8db73355f77793aa67bb37d6'}]"
1832698144,1,seamless+pattern+butterfly,illustration,krisArt,"Watercolor Woodland animals seamless pattern. Fabric wallpaper background with Owl, hedgehog, fox and butterfly, Bunny rabbit forest squirrel and chipmunk, bear and bird baby animal, Scandinavian","watercolor,bird,flower,nursery,animal,animals,baby,background,badger,bear,birthday,branches,bunny,cartoon,character,child,chipmunk,collection,decor,decoration,deer,design,drawing,fabric,floral,forest,fox,hand,hare,hedgehog,illustration,invitation,kid,nature,owl,pattern,poster,rabbit,scandinavian,scrapbooking,seamless,squirrel,textile. wallpaper,white,wild,wildlife,wolf,woodland",https://image.shutterstock.com/image-illustration/watercolor-woodland-animals-seamless-pattern-600w-1832698144.jpg,"[{'url': 'https://image.shutterstock.com/image-illustration/watercolor-woodland-animals-seamless-pattern-600w-1832698144.jpg', 'path': 'full/9e527cff58ec26cefabeb61ad6c5c56f7df33ca7.jpg', 'checksum': 'd27705260ec5a029cc470e946e0983eb'}]"
108312866,1,seamless+pattern+butterfly,vector,yukitama,Seamless pattern with flowers and butterflies,"pattern,flower,fashion,butterfly,seamless,background,vector,wallpaper,design,floral,spring,art,print,fabric,cute,texture,color,summer,decorative,vintage,graphic,garden,artwork,beautiful,bright,ornament,contrast,creative,elegant,leaf,plant,backdrop,bloom,decoration,illustration,magnificence,nature,petal,stem,textile,tiled,wrapper",https://image.shutterstock.com/image-vector/seamless-pattern-flowers-butterflies-600w-108312866.jpg,"[{'url': 'https://image.shutterstock.com/image-vector/seamless-pattern-flowers-butterflies-600w-108312866.jpg', 'path': 'full/b8499f65056672cc713bfc3cd5fdc2df34e70025.jpg', 'checksum': '57c0b738984075b58ec94434f33cb58f'}]"
1730428024,1,seamless+pattern+butterfly,vector,chempina,"
 Butterflies on a checkered background. Monochrome seamless pattern. Hand drawn vector design.
","butterfly,pattern,vector,abstract,animal,art,backdrop,background,beautiful,beauty,checkered,cute,decor,decoration,delicate,design,drawing,elegance,element,fabric pattern,fashion,fly,graphic,hand-drawn,illustration,insect,monochrome,nature,ornate,pastel,plaid,polka dot,random,seamless,shape,silhouette,sketch,sky,spring,springtime,styled,summer,symbol,textile print,texture,trendy,wallpaper,wildlife.,wing,wrapping paper",https://image.shutterstock.com/image-vector/butterflies-on-checkered-background-monochrome-600w-1730428024.jpg,"[{'url': 'https://image.shutterstock.com/image-vector/butterflies-on-checkered-background-monochrome-600w-1730428024.jpg', 'path': 'full/86dce800d19538d6bb777e3749f1208298cc3e2d.jpg', 'checksum': 'f396f2befa61421fb5fb5887065038ab'}]"
1776610553,1,seamless+pattern+butterfly,illustration,Crazy+Lady,Alcohol Ink Mix. Kaleidoscope Butterfly. Bright Alcohol Ink Design. Seamless Flower. Stained Glass Art. Coral Kaleidoscope Child. Coral Color Marbling.,"pattern,seamless,acrylic,alcohol,art,background,bright,brown,chinese,christmas,composite,coral,creative,design,dessert,distortion,dome,dots,fabric,fashion,flower,geometry,girl,glass,ideas,ink,kaleidoscope,marble,marbling,modern,mosaic,notre,paint,passion,pink,print,psychedelic,purple,red,repeat,rose,smoke,stained,symmetrical,texture,triangular,vintage,violet,watercolor,white",https://image.shutterstock.com/image-illustration/alcohol-ink-mix-kaleidoscope-butterfly-600w-1776610553.jpg,"[{'url': 'https://image.shutterstock.com/image-illustration/alcohol-ink-mix-kaleidoscope-butterfly-600w-1776610553.jpg', 'path': 'full/de99984dedf87f1f4f9f92a87a300e4ee1444ae6.jpg', 'checksum': '244effece3ddc8a73f4123fb05e59e63'}]"
189910208,1,seamless+pattern+butterfly,vector,Daria+Kozlovskikh,seamless pattern of butterflies,"butterfly,pattern,print,seamless,animal,vector,wallpaper,jungle,drawing,exotic,vintage,beautiful,colorful,fashion,hand,illustration,ornament,summer,abstract,art,background,blue,design,fly,green,insect,lines,modern,nature,orange,realistic,retro,texture,tropical,white,wildlife,yellow",https://image.shutterstock.com/image-vector/seamless-pattern-butterflies-600w-189910208.jpg,"[{'url': 'https://image.shutterstock.com/image-vector/seamless-pattern-butterflies-600w-189910208.jpg', 'path': 'full/697646a131d83253f0f7e482b87823728c353a12.jpg', 'checksum': '23e2f027f47dfa4a25ca144a1bb653cf'}]"
740110831,1,seamless+pattern+butterfly,vector,Studio+Lulu,Trendy Seamless Floral Pattern in Vector,"flower,floral,pattern,seamless,ditsy,print,butterfly,small,vector,background,little,rose,spring,trend,beautiful,wallpaper,abstract,cute,garden,girl,graphic,pink,retro,textile,tile,art,fashion,leaf,summer,women,wrapping,backdrop,beauty,bloom,blossom,color,decor,elegance,fabric,feminine,flora,illustration,nature,ornament,painted,paper,repeat,style,texture",https://image.shutterstock.com/image-vector/trendy-seamless-floral-pattern-vector-600w-740110831.jpg,"[{'url': 'https://image.shutterstock.com/image-vector/trendy-seamless-floral-pattern-vector-600w-740110831.jpg', 'path': 'full/6e7a09390371a0a2d3967c30f6e01beb2da60bd9.jpg', 'checksum': '204f29b06f13a8f5346f465b23d4983f'}]"
358781483,1,seamless+pattern+butterfly,illustration,ksym,retro seamless texture with lovely flying butterflies. watercolor painting,"butterfly,pattern,seamless,watercolor,animal,print,art,cute,dark,decorative,design,illustration,paper,retro,texture,abstract,artist,backdrop,background,beautiful,beauty,bright,color,colorful,decor,decoration,drawing,elegant,element,fabric,fashion,floral,graphic,insect,light,modern,natural,nature,oriental,ornament,ornate,paint,pretty,spring,style,summer,symbol,textile,vintage,wallpaper",https://image.shutterstock.com/image-illustration/retro-seamless-texture-lovely-flying-600w-358781483.jpg,"[{'url': 'https://image.shutterstock.com/image-illustration/retro-seamless-texture-lovely-flying-600w-358781483.jpg', 'path': 'full/cab8aa19bcaaf5c361a0bcc56ddab615fcc5e2fd.jpg', 'checksum': '04110fa1d33475db5df30237c72b63be'}]"
696288922,1,seamless+pattern+butterfly,vector,Gluiki,"Vintage Seamless pattern: bird, butterfly and flower, leaf, branch, isolated on background. Imitation of embroidery, watercolor. Hand drawn vector illustration, separated editable elements.","flower,pattern,butterfly,watercolor,seamless,vector,black,floral,tropical,bird,chinese,embroidery,white,background,artwork,patch,sakura,cherry,folk,jungle,leaf,paisley,red,spring,wallpaper,wild,autumn,beautiful,blossom,branch,date,exotic,fabric,green,illustration,isolated,japanese,kimono,meadow,painted,print,realistic,rose,rustic,save,summer,texture",https://image.shutterstock.com/image-vector/vintage-seamless-pattern-bird-butterfly-600w-696288922.jpg,"[{'url': 'https://image.shutterstock.com/image-vector/vintage-seamless-pattern-bird-butterfly-600w-696288922.jpg', 'path': 'full/a73f8d9e8d8542d58761d27706be8ef32ddcab71.jpg', 'checksum': 'a62694a256c9e894da9181909fefb99f'}]"
1707060013,1,seamless+pattern+butterfly,vector,olganikiparonak,"Flower seamless pattern with abstract floral branches with flying butterflies, leaves, blossom flowers and berries. Vector illustration in vintage watercolor style on white background.","flower,pattern,butterfly,watercolor,floral,grey,abstract,anemone,art,background,beautiful,blossom,blue,brown,decoration,decorative,design,drawing,fabric,flying butterflies,garden,graphic,illustration,indigo,leaf,leaves,nature,plant,print,retro,romantic,seamless,spring,summer,swatch,textile,texture,vector,vintage,wallpaper,white,yellow",https://image.shutterstock.com/image-vector/flower-seamless-pattern-abstract-floral-600w-1707060013.jpg,"[{'url': 'https://image.shutterstock.com/image-vector/flower-seamless-pattern-abstract-floral-600w-1707060013.jpg', 'path': 'full/848ce4e9ad30d512c1caec88b8cdb24e3d6724a7.jpg', 'checksum': '5e77fa10330954de33d6496ad487c114'}]"
1769291609,1,seamless+pattern+butterfly,illustration,krisArt,"Watercolor Woodland animals seamless pattern. Fabric wallpaper background Owl, hedgehog, fox and butterfly, Bunny rabbit forest squirrel and chipmunk, bear and bird baby animal, Scandinavian Nursery","forest,animal,animals,baby,background,badger,bear,bird,birthday,branches,bunny,cartoon,character,child,chipmunk,collection,decor,decoration,deer,design,drawing,fabric,floral,flower,fox,hand,hare,hedgehog,illustration,invitation,kid,nature,nursery,owl,pattern,poster,rabbit,scandinavian,scrapbooking,seamless,squirrel,textile. wallpaper,watercolor,white,wild,wildlife,wolf,woodland",https://image.shutterstock.com/image-illustration/watercolor-woodland-animals-seamless-pattern-600w-1769291609.jpg,"[{'url': 'https://image.shutterstock.com/image-illustration/watercolor-woodland-animals-seamless-pattern-600w-1769291609.jpg', 'path': 'full/c5eed7d9305584e4ed2fa59a48979879bcfcd43e.jpg', 'checksum': 'e2cbd7b8f76665c0ceead6dbd176cf27'}]"
1552866536,1,seamless+pattern+butterfly,illustration,Dobrynina+Elena,"cute forest animals seamless pattern. cartoon hedgehog,
fox, wolf, mouse, bear, badger, deer, squirrel, mole, butterfly, fox, wolf, bird hand drawn watercolor illustration.","animal,seamless,bear,cartoon,character,fox,badger,bird,butterfly,chipmunk,collection,cute,deer,design,fauna,forest,fungus,hare,hedgehog,illustration,isolated,mole,mouse,nature,owl,rabbit,squirrel,wild,wildlife,wolf,zoo",https://image.shutterstock.com/image-illustration/cute-forest-animals-seamless-pattern-600w-1552866536.jpg,"[{'url': 'https://image.shutterstock.com/image-illustration/cute-forest-animals-seamless-pattern-600w-1552866536.jpg', 'path': 'full/76142dfc16cc6bd160025e8cea142d13349b6fd9.jpg', 'checksum': '62b09c2f3eb9716c7128ae7e5c912138'}]"
394659445,1,seamless+pattern+butterfly,vector,Mariya+Leonenko,"Strelitzia pattern. Tropical flower, blossom cluster seamless pattern . Beautiful background with tropical flowers and palm leaves, plant and leaf.","flower,pattern,seamless,vector,exotic,print,leaf,hawaii,hawaiian,watercolor,background,jungle,palm,spring,floral,illustration,petal,polynesian,aloha,banner,bright,butterfly,design,fashion,retro,vintage,wedding,blossom,luau,fabric,nature,card,hibiscus,paradise,strelitzia,summer,textile,california,beautiful,botanic,colorful,decoration,graphic,greeting,holiday,invitation,romantic,tropical,wallpaper",https://image.shutterstock.com/image-vector/strelitzia-pattern-tropical-flower-blossom-600w-394659445.jpg,"[{'url': 'https://image.shutterstock.com/image-vector/strelitzia-pattern-tropical-flower-blossom-600w-394659445.jpg', 'path': 'full/168df43086d7fc8c8e6040117f814f15f7eed82d.jpg', 'checksum': '892952678fe46aa1560f20f1691c384b'}]"
1804921981,1,seamless+pattern+butterfly,vector,msr+melooo1,"Cute seamless pattern of doodle elephants with palm trees, flowers and butterflies on white background. Kids illustration in a vector.","butterfly,pattern,flower,kids,abstract,adorable,africa,animal,baby,background,bedroom,cartoon,child,childhood,colorful,cute,decor,decoration,design,doodle,drawing,elephant,fabric,fun,funny,happy,india,joy,love,nursery,palm,print,seamless,sweet,textile,texture,vector,wallpaper,wild,young",https://image.shutterstock.com/image-vector/cute-seamless-pattern-doodle-elephants-600w-1804921981.jpg,"[{'url': 'https://image.shutterstock.com/image-vector/cute-seamless-pattern-doodle-elephants-600w-1804921981.jpg', 'path': 'full/2c5b5c83fd8b30e3f1b4d77240494915a5ba4427.jpg', 'checksum': '9a373aa36a1dac2d0b1335e78cf800fc'}]"
482465206,1,seamless+pattern+butterfly,vector,Eteri+Davinski,hand drawn vector butterflies seamless pattern/can be used for kid's or baby's shirt design/ fashion print design/ fashion graphic/ t-shirt/ kids wear,"butterfly,design,kids,vector,cute,girl,illustration,shirt,baby,drawing,hand,background,card,decorative,insect,spring,textile,abstract,art,beautiful,beauty,blooming,cartoon,classic,color,colorful,decoration,doodle,drawn,elegance,element,image,modern,moth,natural,nature,old,ornate,realistic,retro,romantic,summer,t-shirt,tee,tile,vintage,wallpaper,wing,wrapping",https://image.shutterstock.com/image-vector/hand-drawn-vector-butterflies-seamless-600w-482465206.jpg,"[{'url': 'https://image.shutterstock.com/image-vector/hand-drawn-vector-butterflies-seamless-600w-482465206.jpg', 'path': 'full/271aa612917462cd6557eabc3ecc24f27a9ce9c3.jpg', 'checksum': '0f6db6aab2c30f603e5a70e1519b558e'}]"
1761080810,1,seamless+pattern+butterfly,illustration,krisArt,"Watercolor Woodland animals seamless pattern. Fabric wallpaper background with Owl, hedgehog, fox and butterfly, Bunny rabbit set of forest squirrel and chipmunk, bear and bird baby animal Nursery","woodland,pattern,watercolor,animal,baby,bird,deer,forest,flower,nursery,owl,seamless,wild,animals,background,badger,bear,birthday,branches,bunny,cartoon,character,child,chipmunk,collection,decor,decoration,design,drawing,fabric,floral,fox,hand,hare,hedgehog,illustration,invitation,kid,nature,poster,rabbit,scandinavian,scrapbooking,squirrel,textile. wallpaper,white,wildlife,wolf",https://image.shutterstock.com/image-illustration/watercolor-woodland-animals-seamless-pattern-600w-1761080810.jpg,"[{'url': 'https://image.shutterstock.com/image-illustration/watercolor-woodland-animals-seamless-pattern-600w-1761080810.jpg', 'path': 'full/d7892b01acca0dae9ad19c4ee4f976d4c7822a95.jpg', 'checksum': '98f7efe0450ca21562c23fd1a8a9cf24'}]"
313756703,1,seamless+pattern+butterfly,illustration,princessmaro,Autumn harvest watercolor seamless pattern with fruits and butterflies. Grapes Plum BlackBerry Peach Apricot Strawberry Gooseberry. Botanical watercolor illustration.,"seamless,pattern,flower,butterfly,watercolor,fall,floral,strawberry,apricot,autumn,background,berry,blackberry,branch,card,element,festival,food,fresh,fruit,garden,gooseberry,grapes,graphic,happy,harvest,healthy,illustration,invitation,leaf,natural,nature,organic,peach,plant,plum,season,summer,sweet,textile,texture,thanksgiving,vegetable,vegetarian,vintage,vitamin,wallpaper,yellow",https://image.shutterstock.com/image-illustration/autumn-harvest-watercolor-seamless-pattern-600w-313756703.jpg,"[{'url': 'https://image.shutterstock.com/image-illustration/autumn-harvest-watercolor-seamless-pattern-600w-313756703.jpg', 'path': 'full/e96f3f25dc6342ecff5fbfbc7963ae4144a50903.jpg', 'checksum': 'a211d7e7a6086b84c13cbeed2a8e2fda'}]"
1749645587,1,seamless+pattern+butterfly,illustration,Dobrynina+Elena,Seamless pattern with cute horses and foal on summer field. cartoon farm animals watercolor illustration.,"horse,farm,seamless,cute,foal,pattern,field,summer,agriculture,animal,art,background,beautiful,brown,butterfly,cartoon,cat,cattle,childhood,collection,domestic,duckling,equestrian,equine,fauna,floral,flower,friendship,funny,garden,illustration,isolated,kitten,kitty,landscape,livestock,mammal,meadow,nature,outdoor,outdoors,pet,plant,poultry,rural,spring,stallion,watercolor,wild,wildlife",https://image.shutterstock.com/image-illustration/seamless-pattern-cute-horses-foal-600w-1749645587.jpg,"[{'url': 'https://image.shutterstock.com/image-illustration/seamless-pattern-cute-horses-foal-600w-1749645587.jpg', 'path': 'full/800233724aef7d195587b61d53c04ef7d72dbdfc.jpg', 'checksum': 'a08e97eb86a90d404e1ac095828bd742'}]"
278681129,1,seamless+pattern+butterfly,vector,Dina+Lepchenkova,Watercolor blue butterfly on blossom plum tree branch pattern. Vector seamless texture with artistic illustration with flowers and butterfly. ,"butterfly,watercolor,pattern,flower,seamless,vector,girl,tree,romantic,graphic,blue,painting,artistic,blossom,background,flying,spring,style,abstract,grunge,sakura,summer,art,beauty,cherry,fabric,floral,plum,wing,aquarelle,bright,design,texture,woman,decorative,nature,splash,wallpaper,beautiful,branch,colorful,decoration,feminine,illustration,insect,isolated,natural,twig,white,wildlife",https://image.shutterstock.com/image-vector/watercolor-blue-butterfly-on-blossom-600w-278681129.jpg,"[{'url': 'https://image.shutterstock.com/image-vector/watercolor-blue-butterfly-on-blossom-600w-278681129.jpg', 'path': 'full/dbcd8d7325e114eabd7c376120209ca11b846b4e.jpg', 'checksum': 'a99d9f30e59c0ac87da9d785ca5cb9b5'}]"
644009944,1,seamless+pattern+butterfly,vector,Hanna+Kh, Seamless vector tropical summer pattern background with butterflies an palm leaves.,"butterfly,pattern,botanical,background,tropical,vector,forest,exotic,summer,textile,blue,brazilian,california,graphic,jungle,leaf,palm,rain,seamless,africa,america,back,backdrop,beauty,brazil,coconut,design,fashion,feather,flowers,hawaiian,illustration,natural,nature,paradise,retro,rio,south,texture,tropic,vintage,web,wedding,wing",https://image.shutterstock.com/image-vector/seamless-vector-tropical-summer-pattern-600w-644009944.jpg,"[{'url': 'https://image.shutterstock.com/image-vector/seamless-vector-tropical-summer-pattern-600w-644009944.jpg', 'path': 'full/1eeac42f28102d71893c61f4e17bd6ae4e396d15.jpg', 'checksum': 'a4d52d80257ddedfe5c4e84c5b83775f'}]"
593936522,1,seamless+pattern+butterfly,vector,marymo,Gold glittering butterflies seamless pattern on pastel colors confetti round dots background. Vector illustration.,"pattern,glitter,print,seamless,gold,girl,foil,background,vector,girly,pink,sequin,color,confetti,birthday,golden,backdrop,card,decoration,design,glam,glamour,paper,scrapbook,spring,wallpaper,abstract,butterflies,celebration,decorative,drawn,endless,fabric,glittering,glow,illustration,light,pastel,season,shape,shimmer,shimmering,sparkle,stylish,textile,texture,textured,trendy,wrapping,wrapping paper",https://image.shutterstock.com/image-vector/gold-glittering-butterflies-seamless-pattern-600w-593936522.jpg,"[{'url': 'https://image.shutterstock.com/image-vector/gold-glittering-butterflies-seamless-pattern-600w-593936522.jpg', 'path': 'full/22357a81e00753cdc00a9293fa59d346b315ea2a.jpg', 'checksum': '464d78fadbc1f54f9fd5b0020d8b9eb7'}]"
1435836368,1,seamless+pattern+butterfly,illustration,TLStudio,"Cute butterflies hand drawn watercolor seamless pattern. Animalistic design raster texture. Colorful, vibrant illustration on white background. Beautiful pastel creatures wallpaper design ","butterfly,watercolor,pattern,seamless,hand,watercolour,aquarelle,print,purple,background,drawn,flying,texture,vintage,art,artwork,backdrop,beautiful,brush,brushstroke,bug,card,decorative,design,drawing,elegant,element,gradient,graphic,greeting,illustration,insect,isolated,nature,p,paint,paper,postcard,pretty,raster,repeating,romantic,spring,summer,textile,tile,violet,wallpaper,wings,wrapping",https://image.shutterstock.com/image-illustration/cute-butterflies-hand-drawn-watercolor-600w-1435836368.jpg,"[{'url': 'https://image.shutterstock.com/image-illustration/cute-butterflies-hand-drawn-watercolor-600w-1435836368.jpg', 'path': 'full/82451a7e06c0874e61a6b60d4e10099a408d7d87.jpg', 'checksum': '15e901efa3aa360bde6baa34fdec6a72'}]"
1830029093,1,seamless+pattern+butterfly,illustration,krisArt,"Watercolor Woodland animals seamless pattern. Fabric wallpaper background with Owl, hedgehog, fox and butterfly, Bunny rabbit set of forest squirrel and chipmunk, bear  bird baby animal, Scandinavian","animals,deer,design,woodland,animal,baby,background,badger,bear,bird,birthday,branches,bunny,cartoon,character,child,chipmunk,collection,decor,decoration,drawing,fabric,floral,flower,forest,fox,hand,hare,hedgehog,illustration,invitation,kid,nature,nursery,owl,pattern,poster,rabbit,scandinavian,scrapbooking,seamless,squirrel,textile. wallpaper,watercolor,white,wild,wildlife,wolf",https://image.shutterstock.com/image-illustration/watercolor-woodland-animals-seamless-pattern-600w-1830029093.jpg,"[{'url': 'https://image.shutterstock.com/image-illustration/watercolor-woodland-animals-seamless-pattern-600w-1830029093.jpg', 'path': 'full/37bdedc58a1aa3b72131b508a0192677ad8b24b3.jpg', 'checksum': '0f85f0e8425e511e3b245690b2241b6c'}]"
1856454538,1,seamless+pattern+butterfly,vector,ViAViChe,white rabbits with butterflies on a light blue background. cute kids ornament,"pattern,vector,baby,seamless,bunny,cute,easter,vintage,animal,april,art,baby illustration,background blue,boy,butterflies,child print,childish character,cloth,decor,decoration,design,floral,flower,green,happy,illustration,light,love,nature,ornament,pastel,plant,romantic,spring,textile,texture,toddler,watercolor,watercolor style,white bunny",https://image.shutterstock.com/image-vector/white-rabbits-butterflies-on-light-600w-1856454538.jpg,"[{'url': 'https://image.shutterstock.com/image-vector/white-rabbits-butterflies-on-light-600w-1856454538.jpg', 'path': 'full/1187b5b214927020437007ace194fc778d48ebad.jpg', 'checksum': 'a10570de6dabfd0c6467cad8a7a483ac'}]"
1106123012,1,seamless+pattern+butterfly,vector,Bibadash,Hand drawn butterflies. Colored vector seamless pattern,"butterfly,color,cartoon,vector,bright,doodle,moth,art,background,background texture,beautiful,beauty,butterflies,celebration,collection,colored,colorful,cute,decor,decoration,decorative,design,drawing,elements,graphic,hand drawn,icon,illustration,insect,isolated,natural,nature,ornament,realistic,scandinavian style,seamless pattern,set,sketch,spring,style,summer,symbol,trendy,tropical,wallpaper,wing,wrapping paper",https://image.shutterstock.com/image-vector/hand-drawn-butterflies-colored-vector-600w-1106123012.jpg,"[{'url': 'https://image.shutterstock.com/image-vector/hand-drawn-butterflies-colored-vector-600w-1106123012.jpg', 'path': 'full/92d95a505bf4b31e100c23909d28430f5eb0112e.jpg', 'checksum': 'c5e1855e50338cd8ac04df51bf518ffc'}]"
241500946,1,seamless+pattern+butterfly,vector,tatsianatsyhanova,Butterflies seamless pattern in doodle style. Butterfly vector illustration for vintage design. ,"butterfly,seamless,paisley,pattern,print,flower,vector,modern,floral,doodle,illustration,animal,cute,set,texture,background,decorative,design,drawn,grunge,hand,nature,ornate,retro,spring,vintage,abstract,art,butterflies,card,collection,color,colorful,decor,decoration,drawing,element,fashion,graphic,insect,ornament,realistic,shape,silhouette,summer,textile,wallpaper,wing",https://image.shutterstock.com/image-vector/butterflies-seamless-pattern-doodle-style-600w-241500946.jpg,"[{'url': 'https://image.shutterstock.com/image-vector/butterflies-seamless-pattern-doodle-style-600w-241500946.jpg', 'path': 'full/85512d4d2896ae016aa0b0af2a6e89dd59055b3b.jpg', 'checksum': 'a5560afddc2f42a959ddcabbfc1141b7'}]"
1515507263,1,seamless+pattern+butterfly,vector,SokolArtstudio,"Seamless bright pattern with butterflies. Paints paint, hand drawn butterflies. Pattern for textiles, children's clothes, wrapping busakgi .. Girlish background","butterfly,pattern,vector,seamless,abstract,design,fashion,geometric,graffiti,illustration,urban,art,backdrop,background,black,boy,bright,chess,color,colorful,creative,decoration,decorative,effect,element,fabric,flower,girl,graphic,green,grunge,grungy,lightning,line,modern,neon,splash,square,stripes,style,summer,textile,texture,triangle,wallpaper",https://image.shutterstock.com/image-vector/seamless-bright-pattern-butterflies-paints-600w-1515507263.jpg,"[{'url': 'https://image.shutterstock.com/image-vector/seamless-bright-pattern-butterflies-paints-600w-1515507263.jpg', 'path': 'full/cf3cf51210e9f09da3cf9194d96b384ee70bb403.jpg', 'checksum': 'b93e65ff08b523a9292e81a868df1a8a'}]"
434685607,1,seamless+pattern+butterfly,vector,Ukususha,Vector seamless pattern - flat pastel butterflies,"butterfly,background,pattern,seamless,vector,flat,simple,cute,flying,animals,nature,backdrop,colorful,fabric,girly,insects,multicolor,pastel,pink,textile,violet,wallpaper",https://image.shutterstock.com/image-vector/vector-seamless-pattern-flat-pastel-600w-434685607.jpg,"[{'url': 'https://image.shutterstock.com/image-vector/vector-seamless-pattern-flat-pastel-600w-434685607.jpg', 'path': 'full/384127bc617f62332177ec9047b020563ca1d4c6.jpg', 'checksum': 'a7576331a94e729ad9db5f5ad4cb137c'}]"
168333818,1,seamless+pattern+butterfly,photo,Nantawat+Chotsuwan,Seamless Butterfly wing Pattern ,"butterfly,pattern,animal,seamless,abstract,texture,skin,background,motif,exotic,hair,illustration,print,stripes,africa,camouflage,curve,decoration,design,dot,draw,fabric,fur,leather,lines,markings,material,mimicry,nature,orange,panther,repeat,retro,safari,set,spots,striped,swatch,textile,tile,tiling,wallpaper,wild,wildlife,wings",https://image.shutterstock.com/image-photo/seamless-butterfly-wing-pattern-600w-168333818.jpg,"[{'url': 'https://image.shutterstock.com/image-photo/seamless-butterfly-wing-pattern-600w-168333818.jpg', 'path': 'full/66f4272c565e807580d0cf347bb69d40963a8a08.jpg', 'checksum': 'f50315565acee2f11910d9f3a99f7b63'}]"
1057203893,1,seamless+pattern+butterfly,vector,GreyLilac,Elderberry vector seamless pattern,"elder,pattern,background,berry,black,bloom,blossom,branch,brown,bush,butterfly,culinary,design,elderberry,fabric,floral,flower,food,fresh,fruit,green,herb,ingredient,jam,leaf,medicine,nature,white,wild,wine",https://image.shutterstock.com/image-vector/elderberry-vector-seamless-pattern-600w-1057203893.jpg,"[{'url': 'https://image.shutterstock.com/image-vector/elderberry-vector-seamless-pattern-600w-1057203893.jpg', 'path': 'full/f5bda20391daa162de2b082193b3fecb543601a5.jpg', 'checksum': 'ee98dc3a25ed7b8fc9ca50c32ecd23d8'}]"
1676392714,1,seamless+pattern+butterfly,vector,GreyLilac,Vector seamless pattern with birds and protea,"protea,pattern,flower,art,floral,seamless,background,beautiful,bee-eater,biege,bird,bloom,butterfly,design,dragonfly,drawing,drawn,eucalyptus,fabric,graphic,leaf,nature,peony,pink,spring,summer,textile,vector,vintage,white",https://image.shutterstock.com/image-vector/vector-seamless-pattern-birds-protea-600w-1676392714.jpg,"[{'url': 'https://image.shutterstock.com/image-vector/vector-seamless-pattern-birds-protea-600w-1676392714.jpg', 'path': 'full/38159bfb3cfbd72bfb28094b88cacba9981da1c7.jpg', 'checksum': 'e5371c67e8d77136286cd2a968f2caac'}]"
1027973524,1,seamless+pattern+butterfly,vector,NGalitsky,"Embroidery trend floral seamless pattern with roses, violets and butterflies. Vector traditional folk flowers decor on white background for clothing design.","butterfly,pattern,flower,embroidery,rose,floral,fashion,vector,garden,decor,embroidered,thread,fabric,print,ethnic,seamless,sewing,shirt,spring,style,wild,blouse,botanical,clothing,exotic,foliage,graphic,illustration,isolated,leaf,native,neckline,ornate,plant,stitching,summer,textile,texture,traditional,violets",https://image.shutterstock.com/image-vector/embroidery-trend-floral-seamless-pattern-600w-1027973524.jpg,"[{'url': 'https://image.shutterstock.com/image-vector/embroidery-trend-floral-seamless-pattern-600w-1027973524.jpg', 'path': 'full/2a500f4bf6dea0b91c90c4c0e3cc4931615e0de7.jpg', 'checksum': 'ad747bf433d34e40f7e78855715f7592'}]"
1068553376,1,seamless+pattern+butterfly,illustration,Dobrynina+Elena,watercolor tropical seamless pattern. hand-drawn jungle nature illustration	,"pattern,seamless,watercolor,tropic,flower,abstract,butterfly,art,jungle,summer,botanical,exotic,floral,leaf,nature,painting,red,white,aloha,background,beautiful,beauty,blossom,colorful,decoration,design,drawn,fabric,fashion,garden,green,hawaii,hawaiian,illustration,ornament,palm,pink,plant,print,spring,textile,texture,tropical,wallpaper",https://image.shutterstock.com/image-illustration/watercolor-tropical-seamless-pattern-handdrawn-600w-1068553376.jpg,"[{'url': 'https://image.shutterstock.com/image-illustration/watercolor-tropical-seamless-pattern-handdrawn-600w-1068553376.jpg', 'path': 'full/574db286f893b9dfe819db077d471378872437e6.jpg', 'checksum': 'c70180461c6ddcf3482fc067cc8110e0'}]"
794848069,1,seamless+pattern+butterfly,vector,MSNTY,"Seamless Pattern wild flowers,butterflies,  Isolated on pink color. Botanical Floral Decoration Texture. Vintage Style Design for Fabric Print, Wallpaper Background.","flower,pattern,seamless,butterfly,background,texture,beautiful,floral,illustration,style,vector,abstract,art,backdrop,beauty,bloom,blossom,color,cute,design,ditsy,drawing,elegance,fabric,fashion,feminine,flora,garden,graphic,leaf,little,nature,ornament,painted,pink,plant,print,repeat,retro,rose,small,spring,summer,textile,tile,wallpaper",https://image.shutterstock.com/image-vector/seamless-pattern-wild-flowersbutterflies-isolated-600w-794848069.jpg,"[{'url': 'https://image.shutterstock.com/image-vector/seamless-pattern-wild-flowersbutterflies-isolated-600w-794848069.jpg', 'path': 'full/8fd0a1304859dd3eb02464f71297627111b7305b.jpg', 'checksum': '5ba6ecd69adddf1819311f0772421d8c'}]"
283793819,1,seamless+pattern+butterfly,vector,Anutina,"Monochrome watercolor floral seamless with butterflies. Hand painting. Watercolor. Seamless pattern for fabric, paper and other printing and web projects.","flower,pattern,watercolor,floral,watercolour,painted,vector,seamless,blue,hydrangea,set,vintage,border,spring,white,drawing,garden,gray,loose,plant,pretty,wreath,bouquet,design,element,flora,laurel,natural,wedding,art,beautiful,blossom,botanical,botany,branch,butterflies,card,celebration,clip,decoration,frame,illustration,leaf,nature,petal,style,summer",https://image.shutterstock.com/image-vector/monochrome-watercolor-floral-seamless-butterflies-600w-283793819.jpg,"[{'url': 'https://image.shutterstock.com/image-vector/monochrome-watercolor-floral-seamless-butterflies-600w-283793819.jpg', 'path': 'full/1212038ce6c789408c157d10b4957d3e8330f266.jpg', 'checksum': 'f670498c99ab84bbf891179854bb5d88'}]"
1727626771,1,seamless+pattern+butterfly,vector,nataka,"seamless pattern with beautiful moon
 -  vector illustration, eps","cute,flower,vector,baby,butterfly,design,moon,character,floral,princess,baby girl,baby shower,background,beautiful,beauty,blossom,cartoon,child,childhood,children room,decor,decoration,decorative,dream,girl,happy,illustration,insect,kid,leaf,little,lovely,magic,magical,moon phases,nature,newborn,night,nursery,pastel colors,people,print,seamless pattern,sky,sleep,star,summer,texture,trendy,wallpaper",https://image.shutterstock.com/image-vector/seamless-pattern-beautiful-moon-vector-600w-1727626771.jpg,"[{'url': 'https://image.shutterstock.com/image-vector/seamless-pattern-beautiful-moon-vector-600w-1727626771.jpg', 'path': 'full/6b55c82ae4b4e1d6bf3ebde56723e0fbb99180d4.jpg', 'checksum': '4aa1008caac755aafe8a1a4a7ffdf24b'}]"
619422974,1,seamless+pattern+butterfly,vector,Angelina+De+Sol,Vector butterflies pattern. Abstract seamless background.,"butterfly,pattern,vector,cute,seamless,flower,drawing,abstract,fabric,illustration,art,decoration,design,nature,retro,silhouette,summer,texture,background,beautiful,beauty,decorative,elegance,element,floral spring,graphic,grey,lovely,natural,ornament,ornate,pink,silluette,springtime,style,symbol,textile,wallpaper,wing",https://image.shutterstock.com/image-vector/vector-butterflies-pattern-abstract-seamless-600w-619422974.jpg,"[{'url': 'https://image.shutterstock.com/image-vector/vector-butterflies-pattern-abstract-seamless-600w-619422974.jpg', 'path': 'full/1e377207e5d3decf11bc8d3b5433f87c51351b0b.jpg', 'checksum': '437aff110b0c3fc6776f1410a8deef74'}]"
370960259,1,seamless+pattern+butterfly,vector,balasoiu,Seamless watercolor butterflies pattern. Vector illustration,"butterfly,pattern,seamless,watercolor,cute,vector,background,trendy,fashion,paper,color,cover,spring,creative,dream,fantasy,fun,happy,abstract,adorable,art,beauty,decor,design,drawing,elegant,fly,graphic,holiday,illustration,insect,joy,light,nature,paint,pretty,season,shape,sky,style,stylish,textile,texture,vintage,wallpaper",https://image.shutterstock.com/image-vector/seamless-watercolor-butterflies-pattern-vector-600w-370960259.jpg,"[{'url': 'https://image.shutterstock.com/image-vector/seamless-watercolor-butterflies-pattern-vector-600w-370960259.jpg', 'path': 'full/e05421c2b9d07f3ce264741bc10274d4696acaf7.jpg', 'checksum': '24c9ee1138f66739578bee6e284762f5'}]"
388729795,1,seamless+pattern+butterfly,vector,olganikiparonak,"Seamless pattern with flying butterflies and flowers in blue mat background, vector illustration.","butterfly,pattern,flower,vector,seamless,floral,vintage,insect,landscape,background,blue,fabric,meadow,print,soft,texture,beige,branch,design,garden,illustration,abstraction,anemone,cover,element,flying,indigo,nature,pink,plant,provence,randomly,repetition,retro,rustic,wallpaper",https://image.shutterstock.com/image-vector/seamless-pattern-flying-butterflies-flowers-600w-388729795.jpg,"[{'url': 'https://image.shutterstock.com/image-vector/seamless-pattern-flying-butterflies-flowers-600w-388729795.jpg', 'path': 'full/dabcb0e6fce33fd40ca367318edd2bddb2dfd9dc.jpg', 'checksum': 'b1b3fc4185400a26f63211f9a2261655'}]"
1357836431,1,seamless+pattern+butterfly,vector,Avilika,"Pattern with rainbow butterflies on a black background. Suitable for curtains, wallpaper, fabrics, wrapping paper.","butterfly,pattern,print,seamless,vector,background,rainbow,black,cartoon,design,abstract,bright,cute,decorative,pink,purple,spring,style,summer,yellow,animal,art,beautiful,beauty,black background,blue,butterflies,card,color,colorful,decoration,element,fabrics,graphic,illustration,insect,modern,nature,ornament,ornate,red,swatch,symbol,textile,texture,wallpaper,wallpaper pattern,wing,wrapping,wrapping paper.",https://image.shutterstock.com/image-vector/pattern-rainbow-butterflies-on-black-600w-1357836431.jpg,"[{'url': 'https://image.shutterstock.com/image-vector/pattern-rainbow-butterflies-on-black-600w-1357836431.jpg', 'path': 'full/4ab1ae0fb49e0529b7a9fa19931160fb0a613af6.jpg', 'checksum': '36f0a1306ad79f4b338f93a6a6d3b06e'}]"
631404215,1,seamless+pattern+butterfly,vector,Daria+Kozlovskikh,Seamless pattern of colorful butterfly on a white background.,"butterfly,pattern,vector,seamless,print,design,graphic,drawing,illustration,spring,summer,background,bright,fashion,fly,popular,tropical,animal,art,beautiful,beauty,blue,colorful,continuous,decorative,drawn,elegance,element,flight,flyer,fragility,image,insect,natural,nature,orange,seamless pattern,season,shape,silhouette,surface,wallpaper,white,wildlife,wing,wrapping",https://image.shutterstock.com/image-vector/seamless-pattern-colorful-butterfly-on-600w-631404215.jpg,"[{'url': 'https://image.shutterstock.com/image-vector/seamless-pattern-colorful-butterfly-on-600w-631404215.jpg', 'path': 'full/fc6f1ce9687216e502e87db7a96076cffc485c7e.jpg', 'checksum': '935f4064b1d310a85d3fa143fb79615c'}]"
559787656,1,seamless+pattern+butterfly,vector,Adrienn+Toth,seamless butterfly pattern vector illustration,"butterfly,pattern,seamless,cute,vector,print,animal,childish,star,heart,sweet,cartoon,graphic,pink,romance,spring,valentine,adorable,background,design,fabric,modern,pastel,polka,trendy,wallpaper,art,beautiful,beauty,cheerful,collection,colorful,decor,decoration,decorative,dots,happy,illustration,love,ornament,paper,repeat,romantic,silhouette,smile,spotted,striped,textile,wrap",https://image.shutterstock.com/image-vector/seamless-butterfly-pattern-vector-illustration-600w-559787656.jpg,"[{'url': 'https://image.shutterstock.com/image-vector/seamless-butterfly-pattern-vector-illustration-600w-559787656.jpg', 'path': 'full/d7b48d5fc8fca82a0584dc177304e66aa54e4391.jpg', 'checksum': 'd1fa5a6dc0d6a2014eeb954ec6a2da21'}]"
1728059077,1,seamless+pattern+butterfly,illustration,krisArt,"Watercolor Woodland animals seamless pattern. Fabric wallpaper background with Owl, hedgehog, fox and butterfly,  bird baby animal, Scandinavian Nursery","animal,pattern,fox,seamless,watercolor,woodland,baby,bear,forest,animals,background,badger,bird,birthday,branches,bunny,cartoon,character,child,chipmunk,collection,decor,decoration,deer,design,drawing,fabric,floral,flower,hand,hare,hedgehog,illustration,invitation,kid,nature,nursery,owl,poster,rabbit,scandinavian,scrapbooking,squirrel,textile. wallpaper,white,wild,wildlife,wolf",https://image.shutterstock.com/image-illustration/watercolor-woodland-animals-seamless-pattern-600w-1728059077.jpg,"[{'url': 'https://image.shutterstock.com/image-illustration/watercolor-woodland-animals-seamless-pattern-600w-1728059077.jpg', 'path': 'full/ff2204d8c9c59345dab84b41d05944f42823e301.jpg', 'checksum': 'cd1e336084bb1b7e2140ddc56b52b3a7'}]"
1907117713,1,seamless+pattern+butterfly,illustration,olganikiparonak,Seamless pattern with flying colorful butterflies. Watercolor illustration on white background.,"butterfly,pattern,seamless,abstract,animal,art,background,beautiful,beauty,black,blue,collection,decorative,design,drawing,element,fabric,fly,flying butterflies,graphic,grey,hand drawn,illustration,indigo,insect,isolated,luna moth,moth,nature,orange color,random,silhouette,spring,style,summer,textile,texture,vintage,wallpaper,watercolor,white,white background,wing,wrapping paper",https://image.shutterstock.com/image-illustration/seamless-pattern-flying-colorful-butterflies-600w-1907117713.jpg,"[{'url': 'https://image.shutterstock.com/image-illustration/seamless-pattern-flying-colorful-butterflies-600w-1907117713.jpg', 'path': 'full/54ea4764f1712d2e6fe43ce7e1b1791be3434495.jpg', 'checksum': 'f7b9169dd0e6af39532c7d847e9ee2b0'}]"
1169835907,1,seamless+pattern+butterfly,vector,Liliana+Danila,Seamless pattern with floral design,"pattern,flower,seamless,insect,vector,floral,graphic,vintage,spring,abstract,background,beautiful,butterflies,colorful,decor,decoration,decorative,design,flowers pattern,flying,garden,hand drawn,illustration,leaf,nature,ornamental,plant,romantic,style,summer,wallpaper,wrapping paper pattern",https://image.shutterstock.com/image-vector/seamless-pattern-floral-design-600w-1169835907.jpg,"[{'url': 'https://image.shutterstock.com/image-vector/seamless-pattern-floral-design-600w-1169835907.jpg', 'path': 'full/1ecf40ad90e3d3bc85fc74d12db5f8757cd63b50.jpg', 'checksum': '7b2c627ecf1cd77dc8f6140e55de3211'}]"
180722801,1,seamless+pattern+butterfly,vector,CurlyPat,Vector seamless pattern with butterflies. Stylish graphic texture. Monochrome repeating background,"butterfly,pattern,vector,print,seamless,texture,cute,abstract,black,insect,rhombus,illustration,invitation,pretty,silhouette,tile,continuous,curve,graphic,monochrome,repeat,retro,wallpaper,arrangement,art,artwork,backgrounds,beautiful,decoration,decorative,design,drawing,elegance,element,fabric,flight,fly,fragility,moth,natural,ornament,postcard,romantic,shape,soulful,stylized,swatch,symbol,textile,wing",https://image.shutterstock.com/image-vector/vector-seamless-pattern-butterflies-stylish-600w-180722801.jpg,"[{'url': 'https://image.shutterstock.com/image-vector/vector-seamless-pattern-butterflies-stylish-600w-180722801.jpg', 'path': 'full/dafd3063bc472483008acdfb0e16ebb601ef7bd1.jpg', 'checksum': '2c0a612527dd6977ea78891d0ac85ce7'}]"
765759037,1,seamless+pattern+butterfly,vector,woodhouse,"Seamless Pattern with Blooming Flowers and Flying Butterflies in Watercolor Style. Beauty in Nature. Background for Fabric, Textile, Print and Invitation. Vector illustration","flower,butterfly,pattern,spring,seamless,floral,summer,vector,watercolor,purple,background,design,card,cute,pink,print,illustration,ornament,texture,vintage,violet,colorful,decorative,elegance,fabric,garden,graphic,leaf,retro,romantic,beautiful,blooming,blossom,botanical,butterflies,cover,decoration,dogwood,drawing,elegant,fashion,flying,insect,natural,nature,paper,plant,pretty,textile,wallpaper",https://image.shutterstock.com/image-vector/seamless-pattern-blooming-flowers-flying-600w-765759037.jpg,"[{'url': 'https://image.shutterstock.com/image-vector/seamless-pattern-blooming-flowers-flying-600w-765759037.jpg', 'path': 'full/1ddd5850b8727e7a227609dc2bb684aa16a04306.jpg', 'checksum': 'd63b523788554525c1d5936cbcc3b489'}]"
297373151,1,seamless+pattern+butterfly,vector,Angelina+De+Sol,Vector butterflies pattern. Abstract seamless background.,"butterfly,pattern,vector,seamless,cute,background,design,floral,wallpaper,flower,fabric,illustration,pink,abstract,art,decorative,drawing,grey,nature,silhouette,spring,springtime,texture,beautiful,beauty,decoration,elegance,element,graphic,lovely,natural,ornament,ornate,retro,silluette,style,summer,symbol,textile,wing",https://image.shutterstock.com/image-vector/vector-butterflies-pattern-abstract-seamless-600w-297373151.jpg,"[{'url': 'https://image.shutterstock.com/image-vector/vector-butterflies-pattern-abstract-seamless-600w-297373151.jpg', 'path': 'full/769abdd4fb040fc9f6ab92328a58c5c86f858132.jpg', 'checksum': '14f1f7204e1463ce2259ecf6f6526648'}]"
514889872,1,seamless+pattern+butterfly,vector,Tamiris6,"Vector coral and yellow seamless floral pattern with roses, peonies and butterflies","butterfly,pattern,seamless,vector,cute,flower,print,rose,floral,coral,summer,vintage,fashion,insect,ornament,bright,design,drawing,garden,graphic,illustration,peony,retro,romantic,yellow,backdrop,background,beautiful,blossom,botanical,bouquet,colorful,decoration,decorative,elegant,element,fabric,leaf,moth,natural,nature,paper,petal,plant,spring,textile,texture,wallpaper",https://image.shutterstock.com/image-vector/vector-coral-yellow-seamless-floral-600w-514889872.jpg,"[{'url': 'https://image.shutterstock.com/image-vector/vector-coral-yellow-seamless-floral-600w-514889872.jpg', 'path': 'full/abb9625c1da6c9e2c5feeb376d4ebb1fbe7fb0db.jpg', 'checksum': 'd70073975b1d1eb55c10ecf9ad22ebab'}]"
86083339,1,seamless+pattern+butterfly,vector,salomenj,seamless rose with butterfly on grey background,"butterfly,pattern,flower,rose,oriental,vector,floral,pretty,painting,spring,arrangement,background,blossom,claret,leaf,nature,pink,red,abstract,accent,art,artwork,beauty,bloom,botanical,bouquet,colorful,curl,curve,decoration,design,elegance,fashion,feminine,flora,green,growth,illustration,isolated,ornamental,outline,petal,plant,romantic,single,soulful,stem,summer,tropical,valentine",https://image.shutterstock.com/image-vector/seamless-rose-butterfly-on-grey-600w-86083339.jpg,"[{'url': 'https://image.shutterstock.com/image-vector/seamless-rose-butterfly-on-grey-600w-86083339.jpg', 'path': 'full/49d9e8f2764eeda438ba3f5ea0e8e55c5935bf38.jpg', 'checksum': 'd916bbe2a759ecf8ddb3fe50440f9d3f'}]"
1248089281,1,seamless+pattern+butterfly,vector,mamita,"Gold and black butterflies on a white background seamless pattern. Vector illustration. Template for the design of trend fabrics, home textiles, clothing, paper, wallpaper, unusual packaging, curtains","pattern,design,vector,abstract,black,foil,print,white,wallpaper,golden,illustration,luxury,ornament,textile,art,background,decorative,fly,seamless,small,texture,tropical,beautiful,brilliant,butterflies,clothing,color,cute,decoration,drawing,elegance,exotic,feminine,graphic,insects,interior,linens,little,nature,paper,pillow,repeat,spring,style,summer,template,textiles,trendy,unusual,wings",https://image.shutterstock.com/image-vector/gold-black-butterflies-on-white-600w-1248089281.jpg,"[{'url': 'https://image.shutterstock.com/image-vector/gold-black-butterflies-on-white-600w-1248089281.jpg', 'path': 'full/192ed14eac1860f2ee4f173fdfe380cddd82adf6.jpg', 'checksum': '17e4bbc42cc57d3b08a76a738b4890ac'}]"
1907979850,1,seamless+pattern+butterfly,illustration,asanova_nastya_art,"Watercolor pattern with Easter bunnies and squirrels. Happy Easter. On a white background.","animal,april,art,background,beautiful,bloom,bunny,butterflies,card,cartoon,cute,decoration,design,drawing,easter,egg,fabric,feather,feathers,floral,flowers,graphic,handwork,happy,happy easter,holiday,illustration,painted,paper,pattern,patterns,pink,rabbit,romantic,seamless,spring,squirrel,squirrels,symbol,textile,texture,wallpaper,watercolor,watercolor animal,white,yellow",https://image.shutterstock.com/image-illustration/watercolor-pattern-easter-bunnies-squirrels-600w-1907979850.jpg,"[{'url': 'https://image.shutterstock.com/image-illustration/watercolor-pattern-easter-bunnies-squirrels-600w-1907979850.jpg', 'path': 'full/e5fea4b194ca314ccf0d18cb6c86459485a57830.jpg', 'checksum': '393f00f10f8aa2fa2f292dc525006244'}]"
1514002316,1,seamless+pattern+butterfly,vector,MSNTY,"Animal skin tiger ,and cheetah,lepard in safari mood in the wave way seamless pattern in vector , Design for fashion ,fabric, web, wallpaper , wrapping , and all graphic type white background color","pattern,seamless,abstract,leopard,animal,skin,floral,print,tiger,flower,fabric,zebra,vector,mix,design,leaves,background,cheetah,leaf,art,africa,butterfly,fashion,illustration,paint,texture,wallpaper,wild,bright,color,graphic,safari,sketch,black,cool,exotic,insect,modern,style,summer,white,contrast,fly,hawaii,jungle,natural,nature,plant,textile,tropical",https://image.shutterstock.com/image-vector/animal-skin-tiger-and-cheetahlepard-600w-1514002316.jpg,"[{'url': 'https://image.shutterstock.com/image-vector/animal-skin-tiger-and-cheetahlepard-600w-1514002316.jpg', 'path': 'full/67151936f6206645839c6832731ad54a2eee1ec7.jpg', 'checksum': '7db2d98c670a382a4dacafe08d70d30b'}]"
1658352667,1,seamless+pattern+butterfly,vector,PatternsBlooming,Seamless vector pattern with white roses and daffodils flowers. Illustration with colorful butterflies and ochre leaves on a pink background.,"butterfly,pattern,botanical,fashion,garden,seamless,watercolor,abstract,backdrop,background,beautiful,botanic,decoration,design,elegant,entomological,fabric,flight,flora,floral,flower,fly,fragility,freehand,gentle,graphic,herbal,illustration,insects,natural,nature,openwork,plant,pretty,print,romantic,roses,sketchy,spring,summer,tenderness,textile,texture,tropical,vector,vintage,wallpaper,wild,wildlife,wings",https://image.shutterstock.com/image-vector/seamless-vector-pattern-white-roses-600w-1658352667.jpg,"[{'url': 'https://image.shutterstock.com/image-vector/seamless-vector-pattern-white-roses-600w-1658352667.jpg', 'path': 'full/fd55b8fb2f2058a5975138aabe75e595a52ea7d5.jpg', 'checksum': '5433d7cfe6219cd12c5e98dc448634f3'}]"
1036070410,1,seamless+pattern+butterfly,vector,SolodkayaMari,"Seamless childish pattern with fairy flowers, bear,bunny, leopard, hedgehog.. Creative kids city texture for fabric, wrapping, textile, wallpaper, apparel. Vector illustration","pattern,hand,cute,wallpaper,vector,scandinavian,seamless,baby,flower,childish,design,leopard,bear,woodland,cartoon,nursery,bunny,doodle,fairy,butterfly,print,texture,background,floral,repeat,mushroom,textile,trendy,brush,template,black,monochrome,style,white,wrapping,backdrop,cover,creative background,decoration,decorative,drawing,fabric,fairy flowers,hand drawn,illustration,kids pattern,modern pattern,snail,unusual,water drop",https://image.shutterstock.com/image-vector/seamless-childish-pattern-fairy-flowers-600w-1036070410.jpg,"[{'url': 'https://image.shutterstock.com/image-vector/seamless-childish-pattern-fairy-flowers-600w-1036070410.jpg', 'path': 'full/da6684cfe453001d49359bf9ec38368322335fcc.jpg', 'checksum': '79588cf44172240ac1585ad3c27e8ac2'}]"
1132389155,1,seamless+pattern+butterfly,vector,nadyakrupina,"Vector summer meadow seamless pattern. Flowers, butterfly","butterfly,pattern,flower,seamless,bee,bug,vector,background,blossom,botanical,dragonfly,floral,garden,graphic,illustration,insect,leaf,meadow,nature,plant,provence,summer,wild,wildflower",https://image.shutterstock.com/image-vector/vector-summer-meadow-seamless-pattern-600w-1132389155.jpg,"[{'url': 'https://image.shutterstock.com/image-vector/vector-summer-meadow-seamless-pattern-600w-1132389155.jpg', 'path': 'full/4759ba7766105de881c16665146a23985a890021.jpg', 'checksum': 'f90fc39afaa6a39f90739b01df6ef721'}]"
249538279,1,seamless+pattern+butterfly,vector,berry2046,"Hand drawn watercolor exotic butterfly, tropic orchid flower on a black and white background of plant leaf. Trendy floral with animal graphic seamless vector pattern wallpaper","pattern,flower,tropic,butterfly,animal,seamless,watercolor,orchid,black,floral,vector,white,painting,print,graphic,leaf,background,branch,exotic,illustration,jungle,vintage,beach,plant,romantic,summer,design,fashion,handmade,hawaii,palm,spring,art,artwork,beautiful,blossom,card,decoration,decorative,flora,garden,greeting,nature,packing,paper,tree,tropical,vacation,valentine,wallpaper",https://image.shutterstock.com/image-vector/hand-drawn-watercolor-exotic-butterfly-600w-249538279.jpg,"[{'url': 'https://image.shutterstock.com/image-vector/hand-drawn-watercolor-exotic-butterfly-600w-249538279.jpg', 'path': 'full/d2718fb15a884970e3bd23c3403a25ea3386bdc1.jpg', 'checksum': 'b9aea721e6803e99aae2c3e3d7e3dadb'}]"
516091645,1,seamless+pattern+butterfly,vector,citradora,seamless floral patchwork pattern with yellow roses,"pattern,patchwork,flower,seamless,floral,vintage,yellow,blue,vector,victorian,background,butterfly,spring,textile,art,elements,garden,grey,monochrome,pink,square,backdrop,black,blossom,bouquet,brunch,circle,leaf,multicolor,nature,ornament,plant,quilt,retro,rose,summer,white",https://image.shutterstock.com/image-vector/seamless-floral-patchwork-pattern-yellow-600w-516091645.jpg,"[{'url': 'https://image.shutterstock.com/image-vector/seamless-floral-patchwork-pattern-yellow-600w-516091645.jpg', 'path': 'full/06ae1b707802526057f5b6319e17daf11106d131.jpg', 'checksum': '0c3acd08e11808813ef2726817f32752'}]"
473081065,1,seamless+pattern+butterfly,vector,olganikiparonak,"Seamless pattern of flying butterflies blue, yellow and brown colors. Vector illustration in vintage style on white background.","butterfly,pattern,vintage,flower,seamless,vector,blue,background,print,brown,fabric,carpet,rustic,yellow,floral,provence,decoration,garden,summer,beige,flying,nature,wallpaper,white,meadow,paper,colorful,illustration,nostalgic,twig",https://image.shutterstock.com/image-vector/seamless-pattern-flying-butterflies-blue-600w-473081065.jpg,"[{'url': 'https://image.shutterstock.com/image-vector/seamless-pattern-flying-butterflies-blue-600w-473081065.jpg', 'path': 'full/c4c0904f4e0126b1d1504455b397a6d7c651ab3c.jpg', 'checksum': '16bd77abec91e5680718f65aec49ffa5'}]"
1734283526,1,seamless+pattern+butterfly,illustration,krisArt,"Watercolor Woodland animals seamless pattern. Fabric wallpaper background with Owl, hedgehog, fox and butterfly, Bunny rabbit set, bear and bird baby animal, Scandinavian Nursery","pattern,animal,forest,seamless,watercolor,kid,baby,bear,nursery,scandinavian,drawing,illustration,woodland,background,character,child,deer,owl,bunny,flower,fox,nature,poster,wildlife,animals,badger,bird,birthday,branches,cartoon,chipmunk,collection,decor,decoration,design,fabric,floral,hand,hare,hedgehog,invitation,rabbit,scrapbooking,squirrel,textile. wallpaper,white,wild,wolf",https://image.shutterstock.com/image-illustration/watercolor-woodland-animals-seamless-pattern-600w-1734283526.jpg,"[{'url': 'https://image.shutterstock.com/image-illustration/watercolor-woodland-animals-seamless-pattern-600w-1734283526.jpg', 'path': 'full/0cf88877c4a217145dbdfab00ef43e0a5fe19f21.jpg', 'checksum': '7f21221c0da8fe4f137ac92e475b2bf5'}]"
1457946578,1,seamless+pattern+butterfly,vector,mamita,"Luxury ornate pattern for creating textiles, wallpaper, paper. Print gold foil on a blue background. Seamless background with garden flowers peonies, bird and butterflies. Vintage. Vector Illustration","vintage,pattern,bird,gold,floral,antique,butterfly,chinese,seamless,animal,garden,japanese,art,oriental,nature,ornate,plant,bouquet,garland,sketch,leaves,old,romantic,blossom,blue,botany,cover,foil,sparkle,summer,wedding,flora,packaging,spring,brilliance,decor,berries,blooming,botanical,decoration,drawing,engraving,floristic,flowers,glittering,peonies,shimmering,twigs,vegetation,wreath",https://image.shutterstock.com/image-vector/luxury-ornate-pattern-creating-textiles-600w-1457946578.jpg,"[{'url': 'https://image.shutterstock.com/image-vector/luxury-ornate-pattern-creating-textiles-600w-1457946578.jpg', 'path': 'full/4bf06d0a0f26edff870ede13a5434c64a195c6d8.jpg', 'checksum': 'af8afd174a61eb21f3aad651cefe226c'}]"
157620434,1,seamless+pattern+butterfly,photo,Nantawat+Chotsuwan,Seamless  Butterfly wing Pattern ,"animal,pattern,skin,abstract,seamless,print,texture,camouflage,design,safari,hair,wild,repeat,africa,exotic,textile,dot,fabric,tile,draw,panther,curve,nature,retro,background,leather,wallpaper,fur,motif,set,butterfly pattern,butterfly wings,decoration,illustration,lines,markings,material,mimicry,orange,seamless pattern,spots,striped,stripes,swatch,tiling,wildlife",https://image.shutterstock.com/image-photo/seamless-butterfly-wing-pattern-600w-157620434.jpg,"[{'url': 'https://image.shutterstock.com/image-photo/seamless-butterfly-wing-pattern-600w-157620434.jpg', 'path': 'full/239bd7f1e757483793f9ea6597856962df6dd206.jpg', 'checksum': '372e4868c02ad3f468c65d54c0d02683'}]"
1765199189,1,seamless+pattern+butterfly,vector,littlepainterr,White Floral and Butterflies Print Vector Pattern,"butterfly,pattern,retro,seamless,abstract,animal,art,backdrop,background,beautiful,beauty,botanical,butterflies,card,color,decoration,decorative,design,drawing,drawn,element,exotic,fabric,fashion,floral,flower,fly,graphic,illustration,insect,leaf,natural,nature,ornament,paint,paper,pink,plant,print,spring,style,summer,textile,texture,vector,vintage,wallpaper,watercolor,white,wing",https://image.shutterstock.com/image-vector/white-floral-butterflies-print-vector-600w-1765199189.jpg,"[{'url': 'https://image.shutterstock.com/image-vector/white-floral-butterflies-print-vector-600w-1765199189.jpg', 'path': 'full/e7b58a758944b3075b75d87f2051e59fbf837efd.jpg', 'checksum': 'de12bfff26bbae9d2cb2802bf4958ed1'}]"
687100045,1,seamless+pattern+butterfly,vector,paff,vector floral seamless pattern with summer herbs and butterflies,"pattern,butterfly,seamless,flower,floral,herb,nature,vector,background,herbal,texture,drawn,repeat,design,drawing,wallpaper,leaf,ornament,doodle,fabric,plant,retro,vintage,blooming,botanical,decoration,floral pattern,hand drawn,illustration,may-lily,natural,nature abstract,petal,seamless background,seamless pattern,seamless texture,summer pattern,vintage style",https://image.shutterstock.com/image-vector/vector-floral-seamless-pattern-summer-600w-687100045.jpg,"[{'url': 'https://image.shutterstock.com/image-vector/vector-floral-seamless-pattern-summer-600w-687100045.jpg', 'path': 'full/8ce5acbe2b3a6df05464306e38e96023ae78356b.jpg', 'checksum': 'b5fffcdf7b2f2ba1dc8ba0be0de9c67f'}]"
381892933,1,seamless+pattern+butterfly,vector,Inka1,Set of hand drawn butterflies. Entomological collection of highly detailed hand drawn butterflies. Retro vintage style. Seamless pattern. Vector illustration.,"butterfly,seamless,drawn,sketch,background,bug,vintage,repeat,design,doodle,retro,scrapbook,silhouette,sketchy,textile,wing,wrapper,brochure,clip,collection,decoration,decorative,entomological,entomology,flight,fly,flyer,fragile,fragility,graphic,grunge,hand-drawn,illustration,image,insect,invitation,lepidoptera,nature,old,ornate,postcard,realistic,scrap,scrapbooking,set,spring,summer,wallpaper",https://image.shutterstock.com/image-vector/set-hand-drawn-butterflies-entomological-600w-381892933.jpg,"[{'url': 'https://image.shutterstock.com/image-vector/set-hand-drawn-butterflies-entomological-600w-381892933.jpg', 'path': 'full/efed575ff02a20029b13af0fdcec02fa890c203e.jpg', 'checksum': '1c1beeee8d891627c0b20d27480c2e26'}]"
1807575772,1,seamless+pattern+butterfly,illustration,Naticka,"Abstract vintage print with butterflies, shapes and golden lines on white background. Watercolor seamless pattern. Hand drawn marble illustration. Mixed media art","butterfly,golden,abstract,pattern,watercolor,line,art,print,seamless,brush,contemporary,grunge,illustration,nordic,summer,artistic,background,beautiful,creative,decoration,decorative,design,drawn,element,geometric,gold,graphic,grey,hand,insect,minimal,modern,mosaic,nature,ornament,paint,paper,scandinavian,shapes,style,textile,texture,trend,vintage,wallpaper,water,watercolour,white",https://image.shutterstock.com/image-illustration/abstract-vintage-print-butterflies-shapes-600w-1807575772.jpg,"[{'url': 'https://image.shutterstock.com/image-illustration/abstract-vintage-print-butterflies-shapes-600w-1807575772.jpg', 'path': 'full/b34fb95d6c8e18d6297434b58267e49fc3c19b98.jpg', 'checksum': '90ea5f448403dcdebe0ad7d4f5dca3eb'}]"
1232300602,1,seamless+pattern+butterfly,vector,Avilika,"Pattern with rainbow butterflies on blue background. Suitable for curtains, wallpaper, fabrics, wrapping paper.","butterfly,pattern,seamless,vector,silhouette,cute,fabric,art,background,beautiful,beauty,blue,butterflies,decoration,decorative,design,elegance,fly,fragility,graphic,green,illustration,insect,lovely,nature,orange,ornate,pink,rainbow background,red,retro,summer,symbol,textile,texture,turquoise,wallpaper,wing,yellow",https://image.shutterstock.com/image-vector/pattern-rainbow-butterflies-on-blue-600w-1232300602.jpg,"[{'url': 'https://image.shutterstock.com/image-vector/pattern-rainbow-butterflies-on-blue-600w-1232300602.jpg', 'path': 'full/6f595799802cd05b6c4ecca98b3abdb20f0af37c.jpg', 'checksum': '845673cc5de44eebd727ba482fb7cd6d'}]"
1655319136,1,seamless+pattern+butterfly,illustration,Ksenica,Abstract butterfly. Blue seamless pattern. ,"abstract,backdrop,background,blue,butterfly,cloth,decor,decoration,design,endless,fabric,graphic,illustration,nature,ornament,pattern,print,repeat,seamless,textile,wallpaper",https://image.shutterstock.com/image-illustration/abstract-butterfly-blue-seamless-pattern-600w-1655319136.jpg,"[{'url': 'https://image.shutterstock.com/image-illustration/abstract-butterfly-blue-seamless-pattern-600w-1655319136.jpg', 'path': 'full/9fb944f9ee8bdc1e3524cf335e722ba3afe9e01d.jpg', 'checksum': '0d53520b4f54ee17ed8ef029424b0ad1'}]"
1762382129,1,seamless+pattern+butterfly,vector,KovallinoART,"Abstract seamless butterflies pattern on white background. tander gradient color repeats print for fashion textile, clothes, wrapping paper","butterfly,seamless,pattern,elegant,grunge,repeat,wings,abstract,art,backdrop,background,beautiful,blue,color,colorful,creative,decor,decoration,design,drawing,dream,elegance,element,fabric,fashion,fly,fragility,girl,graphic,illustration,insect,line,nature,ornament,ornate,pink,romantic,shabby,silhouette,spring,style,summer,symbol,textile,texture,vector,vintage,wallpaper,white,wing",https://image.shutterstock.com/image-vector/abstract-seamless-butterflies-pattern-on-600w-1762382129.jpg,"[{'url': 'https://image.shutterstock.com/image-vector/abstract-seamless-butterflies-pattern-on-600w-1762382129.jpg', 'path': 'full/19059ffc36695a42d4d13fc4da533435ca2b926a.jpg', 'checksum': '646df426e2081c0b84c4a46142c7835c'}]"
420933274,1,seamless+pattern+butterfly,vector,Molkentin+Nadezhda,Seamless pattern with  ornate doodle hand drawn butterflies. Beautiful black and white vector background,"butterfly,pattern,seamless,black,insect,monochrome,vector,white,animal,art,detailed,doodle,drawing,graphic,image,spring,abstract,background,beautiful,beauty,collection,curl,decor,decoration,decorative,design,drawn,elegance,element,fantasy,filigree,flight,floral,fly,hand,illustration,natural,nature,ornament,ornamental,ornate,outline,set,shape,style,summer,symbol,textile,traditional,vibrant,wing",https://image.shutterstock.com/image-vector/seamless-pattern-ornate-doodle-hand-600w-420933274.jpg,"[{'url': 'https://image.shutterstock.com/image-vector/seamless-pattern-ornate-doodle-hand-600w-420933274.jpg', 'path': 'full/4daf173aaadeb1045ee7ec8ccd4d34c205ce2627.jpg', 'checksum': '065208f950d2f326dc27d0dd3f5794e1'}]"
278126738,1,seamless+pattern+butterfly,vector,Zenina,"watercolor vector pattern with beautiful butterflies, seamless wallpaper","butterfly,watercolor,pattern,vector,seamless,wallpaper,paint,pink,nature,background,illustration,abstract,beauty,card,colorful,design,light,paper,summer,texture,art,bright,drawing,elegant,new,popular,spring,style,yellow,backdrop,beautiful,black,color,decoration,decorative,like,natural,ornate,random,red,textile,white",https://image.shutterstock.com/image-vector/watercolor-vector-pattern-beautiful-butterflies-600w-278126738.jpg,"[{'url': 'https://image.shutterstock.com/image-vector/watercolor-vector-pattern-beautiful-butterflies-600w-278126738.jpg', 'path': 'full/f4cff8616af60c477bc4f106111cbac34c3e4a7c.jpg', 'checksum': 'cd3040d2a67a27586329104543e45942'}]"
93225340,1,seamless+pattern+butterfly,vector,sonulkaster,cherry or sakura seamless pattern background,"flower,japanese,cherry,floral,japan,blossom,vector,wallpaper,chinese,sakura,geisha,kimono,background,texture,asian,oriental,china,new,year,butterfly,paper,tradition,asia,retro,pink,wedding,nature,kyoto,plant,antique,leaf,ornament,bloom,card,decorative,spring,backdrop,beautiful,culture,postcard,beauty,decoration,graphic,illustration,new-year,nippon,ornamental,traditional,viewing",https://image.shutterstock.com/image-vector/cherry-sakura-seamless-pattern-background-600w-93225340.jpg,"[{'url': 'https://image.shutterstock.com/image-vector/cherry-sakura-seamless-pattern-background-600w-93225340.jpg', 'path': 'full/96e3f82fe7964689f1686df227f278581fb16a19.jpg', 'checksum': '95839e0aa658797e0bff3e05edf71325'}]"
496182595,1,seamless+pattern+butterfly,illustration,lisima,"Seamless pattern, flowers, watercolor floral seamless pattern, butterfly, sakura,  floral seamless pattern, background, flower, floral seamless pattern, floral seamless pattern, seamless pattern","pattern,seamless,watercolor,background,black,beige,floral,pastel,rose,vintage,bedclothes,branch,fabric,spring,white,art,artistic,bloom,blossom,blue,color,decorative,design,flowers,furniture,graphic,gray,hand drawn,illustration,invitation,leaf,nature,ornament,painting,paper,pink,postcard,retro,sakura,structure,style,template,tile,tracery,valentine,wall,wallpaper,wrapper,wrapping",https://image.shutterstock.com/image-illustration/seamless-pattern-flowers-watercolor-floral-600w-496182595.jpg,"[{'url': 'https://image.shutterstock.com/image-illustration/seamless-pattern-flowers-watercolor-floral-600w-496182595.jpg', 'path': 'full/477ca6270d6d749c0f8f7ff450bf589eed65639c.jpg', 'checksum': 'de8faa8e8c9a293feeac4a3083aa9c4a'}]"
705018982,1,seamless+pattern+butterfly,illustration,boule,Seamless pattern with lot of different butterflys. Realistic 3D illustration,"butterfly,pattern,insect,seamless,tropical,3d,flower,abstract,animal,background,beautiful,beauty,birdwing,bug,caterpillar,closeup,design,detail,exotic,fauna,feeler,flap,flutter,fly,forest,garden,great,idea,insecta,insectarium,large,letter,macro,monarch,mormon,morpho,moth,nature,nymph,ornamental,papilio,pupa,silhouette,spotted,summer,tree,vibrant,wild,wildlife,wing",https://image.shutterstock.com/image-illustration/seamless-pattern-different-butterflys-realistic-600w-705018982.jpg,"[{'url': 'https://image.shutterstock.com/image-illustration/seamless-pattern-different-butterflys-realistic-600w-705018982.jpg', 'path': 'full/b12648ff547204f2399631c516b1118f88c86214.jpg', 'checksum': '491e4c1fa15a7464e3e1e352910f096c'}]"
1673431906,1,seamless+pattern+butterfly,vector,alona_dekan,Butterflies Seamless pattern. Vector illustration isolated on a blue background.,"animals,art,background,beautiful,beauty,blue,butterfly,card,collection,color,creative,decorative,design,drawing,drawn,elegance,elegant,element,fashion,floral,fly,graphic,illustration,ink,insect,line,natural,nature,ornament,outline,pattern,retro,romantic,seamless,season,sketch,spring,style,summer,symbol,vector,vintage,wallpaper,wing",https://image.shutterstock.com/image-vector/butterflies-seamless-pattern-vector-illustration-600w-1673431906.jpg,"[{'url': 'https://image.shutterstock.com/image-vector/butterflies-seamless-pattern-vector-illustration-600w-1673431906.jpg', 'path': 'full/7a6f2154190713b956cc018d24d71592f5c40c5a.jpg', 'checksum': '3c6845d1579955bc67b96ad5231ac3bf'}]"
116687743,1,seamless+pattern+butterfly,vector,vakhlakova,"Seamless pattern with blooming roses and flying butterflies, hand drawing. Vector illustration.","pattern,seamless,vector,flower,floral,vintage,nature,print,retro,cute,autumn,fall,modern,insect,texture,abstract,flying,summer,background,fashion,ornament,textile,beautiful,feminine,yellow,cartoon,forest,garden,sunny,wallpaper,blooming,crop,decoration,field,leaf,orange,beauty,brown,butterflies,calm,graphics,hand drawing,hill,illustration,plant,pretty,roses,shape,wildlife",https://image.shutterstock.com/image-vector/seamless-pattern-blooming-roses-flying-600w-116687743.jpg,"[{'url': 'https://image.shutterstock.com/image-vector/seamless-pattern-blooming-roses-flying-600w-116687743.jpg', 'path': 'full/c6ea0b69d5ae2037065f10501eb91b2d62717b6d.jpg', 'checksum': '1b223b640b24710724e666829c30dab2'}]"
1044889255,1,seamless+pattern+butterfly,vector,geraria,"Vector background with hand drawn insects illustrations. Black butterfly, cicada, beetle, bug, dragonfly drawing. Entomological seamless pattern.","bug,pattern,insect,black,white,seamless,illustration,beetle,vector,animal,background,butterfly,drawing,moth,vintage,cicada,graphic,leopard,sketch,tattoo,art,design,dragonfly,entomology,night,wild,afternoon,artwork,biology,botanical,carabid,carabus,collection,darkling beetle,detailed,entomological,fly,giant,ground beetle,grunge,hand drawn,locust,macro,nature,realistic,set,silhouette,spring,wildlife,wing",https://image.shutterstock.com/image-vector/vector-background-hand-drawn-insects-600w-1044889255.jpg,"[{'url': 'https://image.shutterstock.com/image-vector/vector-background-hand-drawn-insects-600w-1044889255.jpg', 'path': 'full/174e311c1a98e70ac5c2e404d7c61edc5231de79.jpg', 'checksum': '786a5c0b31cb267ac0d0c76fbf5f7a9c'}]"
131119208,1,seamless+pattern+butterfly,vector,olgadrozd,Seamless valentine pattern with colorful vintage butterflies and flowers and hearts (vector),"pattern,butterfly,paisley,seamless,flower,mandala,bird,vector,heart,vintage,floral,love,design,abstract,background,retro,valentine,decorative,red,romantic,wedding,circle,drop,garland,illustration,modern,pink,purple,wallpaper,crack,green,motley,violet,white,amour,backdrop,berry,carved,crossing,curl,decoration,graphic,gray,image,leaf,lilas,painted,repeating,silhouettes,vivid",https://image.shutterstock.com/image-vector/seamless-valentine-pattern-colorful-vintage-600w-131119208.jpg,"[{'url': 'https://image.shutterstock.com/image-vector/seamless-valentine-pattern-colorful-vintage-600w-131119208.jpg', 'path': 'full/6d7146910329d1ccb74078c58a18b5e5be9b4a6c.jpg', 'checksum': '88b02fe7cd858ba544e623634ec1bb5a'}]"
629181380,1,seamless+pattern+butterfly,vector,Angelina+De+Sol,Vector butterflies pattern. Abstract seamless background.,"butterfly,pattern,vector,seamless,cute,flower,background,pink,texture,graphic,illustration,retro,drawing,fabric,summer,abstract,art,beautiful,beautiful pattern,beauty,butterflies background,butterfly background,butterfly pattern,colorful,colorful background,decoration,decorative,design,elegance,element,fabric pattern,fabric texture,floral spring,grey,lovely,natural,nature,ornament,ornate,silhouette,silluette,spring background,springtime,style,summer background,symbol,textile,wallpaper,wing",https://image.shutterstock.com/image-vector/vector-butterflies-pattern-abstract-seamless-600w-629181380.jpg,"[{'url': 'https://image.shutterstock.com/image-vector/vector-butterflies-pattern-abstract-seamless-600w-629181380.jpg', 'path': 'full/f4880a134a4de9d37ebadbe747dd4e4a4d9ee7c5.jpg', 'checksum': '3bd639ce0e5e36ee71d06d6cb3170153'}]"
