id,pageNum,searchTerm,type,contributer,description,keywords,image_urls,images
1570938457,1,seamless+pattern+damask,vector,TaniaAnisimova,"Colorful seamless arabian pattern with climbing plants and decorative elements. Indian vector wallpaper. Floral design for wrapping paper, wallpaper, fabric, textile, carpet, mat, rug, cover. Vector","pattern,seamless,wallpaper,baroque,vintage,arabian,damask,flower,paisley,background,floral,textile,antique,arabesque,arabic,art,batik indonesia,decor,decoration,decorative,ethnic,fabric,fantasy,fashion,geometric,graphic,illustration,indian,indonesian,islamic,leaves,malaysian,ornament,ornamental,ornate,rapport,repeat,retro,royal,sarong,silk,style,swirl,texture,traditional culture,turkish,wedding,wrapping",https://image.shutterstock.com/image-vector/colorful-seamless-arabian-pattern-climbing-600w-1570938457.jpg,"[{'url': 'https://image.shutterstock.com/image-vector/colorful-seamless-arabian-pattern-climbing-600w-1570938457.jpg', 'path': 'full/599f6c0e5ebec065509dbacb2aa817785c3616fd.jpg', 'checksum': '754cedc727367195186d29994a8bbd71'}]"
397475683,1,seamless+pattern+damask,vector,RODINA+OLENA,Seamless abstract floral pattern. Vector gold and white background. Geometric leaf ornament,"pattern,royal,seamless,ornament,luxury,geometric,vector,background,small,gold,simple,japanese,flower,abstract,oriental,modern,decor,graphic,leaf,floral,white,old,tile,delicate,wedding,carpet,curtain,wallpaper,design,fabric,baroque,color,damask,dot,fashion,ornate,art,elements,abstraction,cover,decoration,decorative,elegant,flourishes,gray,illustration,packaging,point,repeating,unusual",https://image.shutterstock.com/image-vector/seamless-abstract-floral-pattern-vector-600w-397475683.jpg,"[{'url': 'https://image.shutterstock.com/image-vector/seamless-abstract-floral-pattern-vector-600w-397475683.jpg', 'path': 'full/d5b69778b2e69e954f6880a26784d5da59895cb1.jpg', 'checksum': '2d5c87b415ea28f9f156f9e181eb5830'}]"
1720488997,1,seamless+pattern+damask,illustration,katia25,Seamless Damask Wallpaper. Seamless pattern with damask ornament. Vector vintage floral seamless pattern element.,"background,damask,pattern,seamless,abstract,antique,arabesque,arabic,baroque,beige,border,chinese,curtain,decor,decoration,decorative,design,element,fabric,floral,flourish,flower,gold,golden,graphic,grunge,islamic,japan,japanese,lace,luxury,oriental,ornament,ornate,polka dot,retro,royal,scrapbook,scroll,template,textile,texture,tiled,tinsel,venetian,victorian,vintage,wallpaper,western,wrapping",https://image.shutterstock.com/image-illustration/seamless-damask-wallpaper-pattern-ornament-600w-1720488997.jpg,"[{'url': 'https://image.shutterstock.com/image-illustration/seamless-damask-wallpaper-pattern-ornament-600w-1720488997.jpg', 'path': 'full/567339ccab5f7a9b1fecfc81e1c00ba388da3169.jpg', 'checksum': '66998f1da46ea333bd5ec08db0591431'}]"
86294008,1,seamless+pattern+damask,vector,somesun,Vector seamless floral damask pattern for wedding invitation or vintage abstract background,"pattern,damask,vintage,background,classic,baroque,seamless,decorative,glamour,vector,motif,ornate,floral,flourish,frame,texture,modern,oriental,victorian,luxury,abstract,antique,border,flower,rococo,royal,old,scroll,design,retro,flora,swirl,fabric,foliage,silhouette,fashion,leaf,scrapbook,template,illustration,beauty,creative,decor,element,invitation,textile,tile,traditional",https://image.shutterstock.com/image-vector/vector-seamless-floral-damask-pattern-600w-86294008.jpg,"[{'url': 'https://image.shutterstock.com/image-vector/vector-seamless-floral-damask-pattern-600w-86294008.jpg', 'path': 'full/b67a332d8990c087d6f99c34c08eef868a4816eb.jpg', 'checksum': '584641de46d920ce23545ddc71a3cb9e'}]"
1152747650,1,seamless+pattern+damask,vector,PK55,"Set of Vintage seamless damask pattern.  Hand drawn background. Wallpaper in Turkish style. Islam, Arabic, Indian, Ottoman motifs. Template greeting card, invitation and advertising banner, brochure.","pattern,royal,damask,renaissance,set,elegant,seamless,background,blue,flower,label,luxury,vector,vintage,antique,art,baroque,beige,card,classic,decor,decoration,decorative,design,elegance,element,fabric,floral,gift,greeting card,icon,illustration,invitation,lace doodles,old,ornament,ornate,package,packaging,retro,revival,rococo,style,template,textile,texture,tile,victorian,wallpaper,wedding",https://image.shutterstock.com/image-vector/set-vintage-seamless-damask-pattern-600w-1152747650.jpg,"[{'url': 'https://image.shutterstock.com/image-vector/set-vintage-seamless-damask-pattern-600w-1152747650.jpg', 'path': 'full/97b7e55bb5467c60224ba0ff043107a524beb615.jpg', 'checksum': '3eec797eb2708fa10b7e45f9edc81a1d'}]"
287420075,1,seamless+pattern+damask,vector,xenia_ok,"seamless background, patchwork tiles","seamless,pattern,patchwork,tile,damask,geometric,ornament,carpet,floral,vector,kaleidoscope,floor,mosaic,snowflake,antique,luxury,wall,classic,decor,old,delicate,retro,background,creative,illustration,mix,vintage,art,openwork,repetition,backdrop,ceramics,color,decoration,decorative,design,geometrical,ornate,repeating,sample,template,wallpaper",https://image.shutterstock.com/image-vector/seamless-background-patchwork-tiles-600w-287420075.jpg,"[{'url': 'https://image.shutterstock.com/image-vector/seamless-background-patchwork-tiles-600w-287420075.jpg', 'path': 'full/12e4653461f09866a48f9df1d51512f92ebd1ecd.jpg', 'checksum': '7d05d59bb5c990d20b6fa445e183df61'}]"
1052866070,1,seamless+pattern+damask,vector,ychty,"Abstract seamless geometric pattern on texture background. Art deco seamless pattern in retro colors. Vector illustration vintage design. Islam, Arabic, turkish, ottoman motifs.","pattern,damask,seamless,geometric,moroccan,design,wallpaper,fabric,line,turkish,vector,background,beige,elegant,modern,package,retro,shabby,tilling,trendy,vintage,abstract,arabesque,art deco,black,brush,card,decoration,decorative,fashion,graphic,greeting card,illustration,invitation,material,mottle,ornament,print,spotty,stripe,striped,style,stylish,surface,textile,texture,tile,tracery,wrapping paper",https://image.shutterstock.com/image-vector/abstract-seamless-geometric-pattern-on-600w-1052866070.jpg,"[{'url': 'https://image.shutterstock.com/image-vector/abstract-seamless-geometric-pattern-on-600w-1052866070.jpg', 'path': 'full/94f2eedb02d0c47f7b7359804f80c0562a643d24.jpg', 'checksum': '3f16a8f8efd48fabc33880d3136eebe6'}]"
93275377,1,seamless+pattern+damask,vector,roverto,Damask seamless silk,"damask,pattern,seamless,baroque,vector,floral,vintage,glamour,royal,antique,decorative,outline,renaissance,textile,wallpaper,fabric,foliage,texture,venetian,able,backdrop,background,contrast,curtains,curves,decor,drapery,flourishes,illustration,leafs,old,organic,ornamental,pink,repeating,retro,revival,silhouette,tile",https://image.shutterstock.com/image-vector/damask-seamless-silk-600w-93275377.jpg,"[{'url': 'https://image.shutterstock.com/image-vector/damask-seamless-silk-600w-93275377.jpg', 'path': 'full/5cbcd12827b3e9d36d227e42c3e41910e29a6455.jpg', 'checksum': '33c4c0bfa8e3aa4589b22439d5d65c2a'}]"
113970514,1,seamless+pattern+damask,vector,katia25,Damask seamless pattern for design. Vector Illustration,"pattern,damask,vintage,seamless,purple,background,vector,flower,floral,luxury,wallpaper,design,swirl,baby,retro,scroll,texture,decorative,ornament,tissue,card,paper,textile,western,beautiful,cartoon,composition,curl,royal,summer,template,abstract,cloth,clothes,creative,decor,decoration,dot,element,graphic,illustration,linen,modern,repetition,sample,twig,wrapping",https://image.shutterstock.com/image-vector/damask-seamless-pattern-design-vector-600w-113970514.jpg,"[{'url': 'https://image.shutterstock.com/image-vector/damask-seamless-pattern-design-vector-600w-113970514.jpg', 'path': 'full/8e8114d1dcba1d0348c33b2d060b1b286ee78fd3.jpg', 'checksum': '980ec7e82f6140c5cb736fe4648b6657'}]"
126376700,1,seamless+pattern+damask,vector,upintheattic,Seamless vector damask pattern. Classic background,"pattern,geometric,seamless,damask,fabric,classic,vector,oriental,background,texture,vintage,flourish,ornament,wallpaper,baroque,plant,blue,wall,art,color,design,repeat,room,victorian,antique,stencil,trim,curlicue,decoration,green,history,ancient,antiquated,archetype,beautiful,colorful,coloring,cover,embellishment,graphic,historical,inside,old,outmoded,squiggle,trendy,twirl",https://image.shutterstock.com/image-vector/seamless-vector-damask-pattern-classic-600w-126376700.jpg,"[{'url': 'https://image.shutterstock.com/image-vector/seamless-vector-damask-pattern-classic-600w-126376700.jpg', 'path': 'full/39d460e7705845dc5b108c02d14b9c16465abd95.jpg', 'checksum': '120d2bb1ae17abcb65952c631d7fa22c'}]"
1801386268,1,seamless+pattern+damask,vector,oking,"Ikat geometric folklore ornament with diamonds. Damask rug. Tribal ethnic vector texture. Persian geo print. Seamless pattern in Aztec style. Folk embroidery. Gypsy, Mexican, African print. ","abstract,african,art,asia,asian design,aztec,background,batik,bohemian,boho,border,brush,carpet,chevron,creative,damask,diamonds,dye,embroidery,ethnic nativity,fabric,fashion,geo,geometric,gypsy,ikat pattern,indian,indonesian,japanese,mexican,organic,paint,patchwork,persian,print,rug,scandinavian,seamless,shibori,squares,stripes,swimwear,texture,tibetan,tie,tribal,vector,watercolor,wave,woven",https://image.shutterstock.com/image-vector/ikat-geometric-folklore-ornament-diamonds-600w-1801386268.jpg,"[{'url': 'https://image.shutterstock.com/image-vector/ikat-geometric-folklore-ornament-diamonds-600w-1801386268.jpg', 'path': 'full/951e8c00c36e5f89f14fdd9d8a06d66078be1444.jpg', 'checksum': '4dcafa64cb715d42d2fcc2dfe2459e28'}]"
190067018,1,seamless+pattern+damask,vector,sonneson,Vector illustration (eps 10) of Seamless patterns set,"pattern,seamless,set,damask,wallpaper,vector,flower,design,grid,bird,vintage,simple,geometric,modern,abstract,blue,diamond,floral,illustration,ornament,paper,retro,background,chevron,circle,collection,graphic,repeat,textile,texture,white,art,backdrop,color,decor,decoration,diagonal,dot,element,fabric,fashion,line,polka,square,stripe",https://image.shutterstock.com/image-vector/vector-illustration-eps-10-seamless-600w-190067018.jpg,"[{'url': 'https://image.shutterstock.com/image-vector/vector-illustration-eps-10-seamless-600w-190067018.jpg', 'path': 'full/8a75e2ca05297aafe9e48ee24e8572f67041182c.jpg', 'checksum': 'd38c72b482ed07f7909e756af252409f'}]"
627108512,1,seamless+pattern+damask,vector,YokoDesign,Floral seamless pattern. Branch with leaves ornament. Flourish nature garden textured background,"flower,pattern,texture,branch,seamless,floral,spring,silhouette,damask,vector,white,wildflower,blossom,chinese,fall,silk,vegetation,autumn,background,border,botanical,classic,curl,flourish,frame,garden,holiday,ornament,stem,style,summer,vintage,backdrop,bouquet,card,cute,decorative,drawing,fashion,gardening,gentle,graceful,illustration,leaves,nature,ornamental,retro,springtime,stylish,textile",https://image.shutterstock.com/image-vector/floral-seamless-pattern-branch-leaves-600w-627108512.jpg,"[{'url': 'https://image.shutterstock.com/image-vector/floral-seamless-pattern-branch-leaves-600w-627108512.jpg', 'path': 'full/bd77bd6ed9a6e534eb5c49187692af7264a2df59.jpg', 'checksum': '6778dcc2c1c0eba69fc474e7e1759501'}]"
109538591,1,seamless+pattern+damask,vector,VectorTradition,Medieval floral seamless in damask style for design. Jpeg version also available in gallery,"pattern,damask,vector,ornate,seamless,floral,baroque,flower,vintage,design,flourish,decoration,embellishment,rococo,texture,wallpaper,antique,old,royal,background,victorian,adornment,art,retro,tile,abstract,fabric,foliage,luxury,paper,textile,tracery,wrapping,backdrop,curly,curve,decor,decorative,elegance,element,graphic,illustration,ornamental,revival,silk",https://image.shutterstock.com/image-vector/medieval-floral-seamless-damask-style-600w-109538591.jpg,"[{'url': 'https://image.shutterstock.com/image-vector/medieval-floral-seamless-damask-style-600w-109538591.jpg', 'path': 'full/d6ad9bf5724703617800cdf18e679c0fa664ed3d.jpg', 'checksum': '404a251b58b182fd72003fd15284cbf4'}]"
123861487,1,seamless+pattern+damask,vector,katia25,Damask seamless pattern for design. Vector Illustration,"pattern,damask,seamless,wallpaper,floral,design,lace,victorian,vector,background,gray,modern,silver,flower,luxury,baby,royal,textile,texture,vintage,cartoon,leaf,repetition,retro,abstract,antique,birthday,card,composition,creative,curl,decor,decoration,elegance,element,fashion,grunge,linen,mosaic,old,ornament,paper,sample,stripes,swirl,template,tissue,twig,western",https://image.shutterstock.com/image-vector/damask-seamless-pattern-design-vector-600w-123861487.jpg,"[{'url': 'https://image.shutterstock.com/image-vector/damask-seamless-pattern-design-vector-600w-123861487.jpg', 'path': 'full/a263636e53851020b48d5a5c84b7e21a34389903.jpg', 'checksum': 'e298af5f53f17ca6b81f56cb1c5cfeb1'}]"
554287105,1,seamless+pattern+damask,vector,PK55,"Seamless turkish colorful pattern. Endless pattern can be used for ceramic tile, wallpaper, linoleum, web page background.","pattern,floral,seamless,turkish,damask,traditional,tile,morocco,vector,flower,blue,art,design,moroccan,texture,background,beige,culture,element,muslim,old,red,turquoise,victorian,arabic,architecture,beautiful,ceramics,decor,decoration,decorative,earthenware,east,fabric,hand drawn,illustration,islam,islamic,orient,oriental,ornament,ornate,packaging,paper,sample,symmetry,vintage,wallpaper,white,yellow",https://image.shutterstock.com/image-vector/seamless-turkish-colorful-pattern-endless-600w-554287105.jpg,"[{'url': 'https://image.shutterstock.com/image-vector/seamless-turkish-colorful-pattern-endless-600w-554287105.jpg', 'path': 'full/2baffce75a8265dd8345bb65abf7a458f60a7ae7.jpg', 'checksum': '1d3cb532fe0bc5777fb3419f842cd2f2'}]"
1791939197,1,seamless+pattern+damask,vector,arinka,Seamless watercolor blue-white pattern. Elegant ornament for textile. Vintage bohemian print. Vector illustration.,"pattern,damask,ikat,indian,african,antique,art,background,baroque,blue,bohemian,chevron,creative,decor,decoration,decorative,design,ethnic,fabric,fashion,floral,geometric,graphic,grunge,hand,home,illustration,japanese,line,modern,ogee,old,ornament,ornate,paper,pillow,print,retro,seamless,textile,texture,textured,tile,vector,victorian,vintage,wallpaper,watercolor,wave,white",https://image.shutterstock.com/image-vector/seamless-watercolor-bluewhite-pattern-elegant-600w-1791939197.jpg,"[{'url': 'https://image.shutterstock.com/image-vector/seamless-watercolor-bluewhite-pattern-elegant-600w-1791939197.jpg', 'path': 'full/44b0d1eac9df99f8f5c0ce8fd2e99cee63fc0091.jpg', 'checksum': 'c5860af055a4597a01ef8541acfb3c68'}]"
127134770,1,seamless+pattern+damask,vector,ychty,vintage seamless pattern with Victorian motif,"pattern,seamless,floral,vintage,victorian,background,design,vector,ornament,quilt,texture,diamond,fabric,traditional,classic,english,wallpaper,square,damask,geometric,print,geometry,grunge,old,simple,textile,basic,blue,cotton,material,retro,symmetry,abstract,color,style,twill,beige,clothes,clothing,colorful,concept,diagonal,grey,harlequin,repeating",https://image.shutterstock.com/image-vector/vintage-seamless-pattern-victorian-motif-600w-127134770.jpg,"[{'url': 'https://image.shutterstock.com/image-vector/vintage-seamless-pattern-victorian-motif-600w-127134770.jpg', 'path': 'full/19864cf0050094ba3b4bb76640aee8a259aefe19.jpg', 'checksum': 'adcc3134754c5dd975b17fd315b79c29'}]"
775281883,1,seamless+pattern+damask,vector,MiSt21,Vector illustration. Damask seamless flowers pattern. Baroque Classicism. ,"seamless,pattern,damask,paper,wall,antique,gold,wallpaper,background,baroque,beauty,bright,curtains,damask wallpaper,decor,decorative,design,elegant,fabric patterns,floral,foliage,gold leaf,graphics,illustration,infinite,leaf,luxury texture,made of seamless,modern,nature,old,ornament,renaissance,retro,rococo,romantic,royal background,seamless floral pattern,seamless tile,silver,smooth,textile,tile,tiled,vector,victorian scroll victorian,vintage sample,wallpaper pattern",https://image.shutterstock.com/image-vector/vector-illustration-damask-seamless-flowers-600w-775281883.jpg,"[{'url': 'https://image.shutterstock.com/image-vector/vector-illustration-damask-seamless-flowers-600w-775281883.jpg', 'path': 'full/0e6426c8d71791b14d60cb77b470618149956dfe.jpg', 'checksum': 'db5e91d7ff15f7fe6daf583432053a71'}]"
236765851,1,seamless+pattern+damask,vector,RODINA+OLENA,Wallpaper in the style of Baroque. A seamless vector background. Floral pattern.,"pattern,floral,flower,vector,background,seamless,vintage,baroque,ornate,white,damask,texture,elegant,ornament,wallpaper,decorative,western,outline,gray,design,silk,illustration,victorian,foliage,renaissance,textile,venetian,curves,fabric,tile,organic,website,mosaic,old,revival,stylish,weave,abstraction,curtains,decor,drapery,editable,flourishes,leafs,ornamental,repeating,symbol,tiled,unusual,wrapping",https://image.shutterstock.com/image-vector/wallpaper-style-baroque-seamless-vector-600w-236765851.jpg,"[{'url': 'https://image.shutterstock.com/image-vector/wallpaper-style-baroque-seamless-vector-600w-236765851.jpg', 'path': 'full/5246b9e8a21889330b530e10613065710deec9c7.jpg', 'checksum': '3a0721ec7a54dd465991fa667daf12b8'}]"
775220029,1,seamless+pattern+damask,vector,kucherenko,"Set of Vintage seamless damask pattern. Collection of design elements, labels, icon, frames for packaging, design of luxury product. Template greeting card, invitation and advertising banner, brochure","pattern,luxury,damask,texture,background,ornament,royal,decor,blue,frame,seamless,black,renaissance,wedding,antique,floral,card,gold,element,label,rococo,set,victorian,vintage,template,textile,wallpaper,baroque,old,package,art,classic,fabric,flower,icon,gift,decoration,decorative,elegance,elegant,greeting card,illustration,invitation,ornate,packaging,retro,revival,style",https://image.shutterstock.com/image-vector/set-vintage-seamless-damask-pattern-600w-775220029.jpg,"[{'url': 'https://image.shutterstock.com/image-vector/set-vintage-seamless-damask-pattern-600w-775220029.jpg', 'path': 'full/c3c9f239ff891d4d6add8ead278c87586b4ccdce.jpg', 'checksum': '52984b866fc5540d1d87625bd8b0bd53'}]"
453490051,1,seamless+pattern+damask,vector,greeek,Rope seamless tied fishnet damask pattern. Vector Wallpaper,"pattern,damask,rope,seamless,vector,vintage,ornament,fabric,knot,ocean,sea,stripe,background,design,fishnet,floral,retro,ship,textile,texture,tie,art,boat,graphic,string,decoration,detail,jute,old,backdrop,cable,cordage,drawing,fiber,hand-drawn,marine,nautical,repeated,strap,strength,thread,trip,twisted",https://image.shutterstock.com/image-vector/rope-seamless-tied-fishnet-damask-600w-453490051.jpg,"[{'url': 'https://image.shutterstock.com/image-vector/rope-seamless-tied-fishnet-damask-600w-453490051.jpg', 'path': 'full/c5def258d7796cba90bc82b584619675f32f5c9f.jpg', 'checksum': '22570a2645a30b833d327fb00af37f8e'}]"
1787277656,1,seamless+pattern+damask,vector,Naftalin_KG,"Decorative seamless pattern for home textile. Abstract texture designs can be used for backgrounds, motifs, textile, wallpapers, fabrics, gift wrapping, templates. Design Paper For Scrapbook. Vector	
","abstract,arabic,art,backdrop,background,backgrounds,beautiful,black,blue,ceramic,color,colorful,damask,decor,decoration,decorative,design,element,fabric,floral,flower,frame,geometric,graphic,illustration,modern,mosaic,motive,old,ornament,paper,pattern,retro,seamless,texture,tile,vector,vintage,wallpaper,white",https://image.shutterstock.com/image-vector/decorative-seamless-pattern-home-textile-600w-1787277656.jpg,"[{'url': 'https://image.shutterstock.com/image-vector/decorative-seamless-pattern-home-textile-600w-1787277656.jpg', 'path': 'full/8d8bf0ab04ce9ea14fc008c286f315a8c63a6eb2.jpg', 'checksum': '054a442f773ea55b69978f0fb235919f'}]"
1013103988,1,seamless+pattern+damask,vector,katia25,Damask seamless floral background pattern. Vector illustration,"damask,seamless,blue,lace,pattern,scroll,abstract,antique,arabic,background,baroque,border,colored,colorful,colour,decor,decoration,decorative,design,elegant,element,european,fabric,fashion,floral,flower,grey,grunge,illustration,luxury,modern,oriental,ornament,ornate,paper,plaid,royal,silver,stripes,style,textile,texture,tiled,unusual,vector,victorian,vintage,wallpaper,western,wrapping",https://image.shutterstock.com/image-vector/damask-seamless-floral-background-pattern-600w-1013103988.jpg,"[{'url': 'https://image.shutterstock.com/image-vector/damask-seamless-floral-background-pattern-600w-1013103988.jpg', 'path': 'full/28601a7d2b1be9e5589425e9a90c5866583c706e.jpg', 'checksum': 'ef5314737f900d46bd5e56418ee506ad'}]"
124026802,1,seamless+pattern+damask,vector,hoverfly,Damask vintage seamless pattern on beige background,"pattern,damask,victorian,seamless,background,vintage,elegant,vector,texture,paper,wallpaper,baroque,silk,beige,abstract,brown,element,antique,flower,decorative,fabric,floral,vignette,wrapping,art,artwork,backdrop,classical,creative,curve,decor,decoration,design,illustration,leaf,luxury,old,ornament,ornamental,ornate,repeating,retro,royal,style,swirl,textile,wrapper",https://image.shutterstock.com/image-vector/damask-vintage-seamless-pattern-on-600w-124026802.jpg,"[{'url': 'https://image.shutterstock.com/image-vector/damask-vintage-seamless-pattern-on-600w-124026802.jpg', 'path': 'full/c9b474f491d65b546def73e62db28e4f6742ffa6.jpg', 'checksum': 'bb6ffaf4340042c2ff41469c864687d5'}]"
1624926559,1,seamless+pattern+damask,illustration,Elena+Barenbaum,seamless pattern with little deer and hare,"seamless,pattern,bambi,deer,watercolor,animal,bird,cute,damask,flower,forest,plant,texture,woodland,abstract,art,backdrop,background,branch,bush,card,cartoon,decoration,design,element,fawn,floral,footprint,graphic,grass,hare,illustration,leaf,modern,nature,organic,ornament,ornate,paper,park,rabbit,retro,season,textile,tree,vintage,wallpaper,white,wildlife",https://image.shutterstock.com/image-illustration/seamless-pattern-little-deer-hare-600w-1624926559.jpg,"[{'url': 'https://image.shutterstock.com/image-illustration/seamless-pattern-little-deer-hare-600w-1624926559.jpg', 'path': 'full/568060401702de4b037f05ab3716216a241361bf.jpg', 'checksum': 'ba8da378ae2863f25b7f8059821bc2fa'}]"
1787257433,1,seamless+pattern+damask,vector,Fine+Art+Studio,"Classic seamless vector pattern. Damask orient ornament. Classic vintage background. Orient colored ornament for fabric, wallpaper and packaging","abstract,arabesque,backdrop,background,beautiful,brown,circuit,classic,classical,color,colored,curve,damask,decor,decoration,decorative,design,elegance,fashioned,floral,flourish,flower,green,illustration,light,luxury,orange,organic,orient,oriental,ornament,path,pattern,renaissance,repeating,retro,royal,seamless,texture,tile,tiled,unusual,vector,venetian,victorian,vignette,vintage,wallpaper,white,wrapping",https://image.shutterstock.com/image-vector/classic-seamless-vector-pattern-damask-600w-1787257433.jpg,"[{'url': 'https://image.shutterstock.com/image-vector/classic-seamless-vector-pattern-damask-600w-1787257433.jpg', 'path': 'full/c120e9c02667765d33f1dcf516d80e068277d324.jpg', 'checksum': 'b6a5551e849098928a5d733f0958dd76'}]"
367977974,1,seamless+pattern+damask,vector,RODINA+OLENA,Wallpaper in the style of Baroque. A seamless vector background. Gray and white texture. Floral ornament.,"damask,pattern,flower,vector,baroque,antique,floral,wallpaper,seamless,background,ornament,texture,gray,decorative,design,leaf,tile,vintage,victorian,white,elegant,fabric,silk,venetian,old,organic,ornate,outline,repeating,silhouette,curtains,decor,drapery,fashion,foliage,graphic,illustration,leafs,luxury,ornamental,renaissance,retro,revival,royal,symbol,tiled,unusual,weave,website,wrapping",https://image.shutterstock.com/image-vector/wallpaper-style-baroque-seamless-vector-600w-367977974.jpg,"[{'url': 'https://image.shutterstock.com/image-vector/wallpaper-style-baroque-seamless-vector-600w-367977974.jpg', 'path': 'full/880620ced919c5ac22baf2a98500950c7f18f274.jpg', 'checksum': '5c4841b837ddb9befc2e4ba705f664d9'}]"
120153598,1,seamless+pattern+damask,vector,oksancia,Floral damask seamless pattern background,"pattern,geometric,seamless,flower,floral,damask,abstract,vector,background,romantic,design,green,luxury,rococo,creative,foliage,pink,retro,royal,vintage,antique,backdrop,baroque,beauty,brown,curl,curtains,decor,decoration,decorative,dot,drapery,elegance,element,fabric,illustration,image,leaf,natural,old,ornament,ornamental,paper,renaissance,revival,rhombus,style,textile,texture,wallpaper",https://image.shutterstock.com/image-vector/floral-damask-seamless-pattern-background-600w-120153598.jpg,"[{'url': 'https://image.shutterstock.com/image-vector/floral-damask-seamless-pattern-background-600w-120153598.jpg', 'path': 'full/ecebf95f8dd315822d4bd3fc937e5425f230821b.jpg', 'checksum': '186203e0e7af63870e34330f10e2735d'}]"
1791047522,1,seamless+pattern+damask,vector,MangataLab,Elegant Damask Floral Vector Seamless Pattern. Decorative Flower Illustration. Abstract Art Deco Background.,"abstract,antique,arabesque,arabic,art,art deco,backdrop,background,baroque,curve,damask,deco,decor,decoration,decorative,design,elegant,element,fabric,fashion,floral,flower,geometric,graphic,grid,illustration,leaf,line,luxury,minimalist,modern,motif,nouveau,ornament,ornate,pattern,print,retro,royal,seamless,shape,symmetry,textile,texture,tile,vector,victorian,vintage,wallpaper,wave",https://image.shutterstock.com/image-vector/elegant-damask-floral-vector-seamless-600w-1791047522.jpg,"[{'url': 'https://image.shutterstock.com/image-vector/elegant-damask-floral-vector-seamless-600w-1791047522.jpg', 'path': 'full/de57f35fa56088c36b878e72ddc40045d806b58c.jpg', 'checksum': '568e8ff6b3bd1a1a145091e9443a1eb0'}]"
92210377,1,seamless+pattern+damask,vector,natis76,"Yellow pattern seamless, vector","pattern,seamless,background,victorian,damask,vintage,yellow,floral,vector,wallpaper,luxury,carpet,swirly,baroque,leaf,renaissance,light,backdrop,curve,decorative,ornate,paper,textile,foliate,nostalgia,rococo,antique,art,classical,curl,decor,decoration,design element,drawing,elegance,flourish,illustration,old fashioned,ornamental,repetition,retro revival,silk,style,template,textured,vignette",https://image.shutterstock.com/image-vector/yellow-pattern-seamless-vector-600w-92210377.jpg,"[{'url': 'https://image.shutterstock.com/image-vector/yellow-pattern-seamless-vector-600w-92210377.jpg', 'path': 'full/f3883fd56ceaf2eecf37dc257b4bf8a2792e100b.jpg', 'checksum': '1ef482ec475f93d9c2ed7b46e3ddd1d8'}]"
137686238,1,seamless+pattern+damask,vector,CurlyPat,Seamless pattern. Persian antique ornament. Geometric stylish background. Vector repeating texture,"pattern,seamless,vintage,floral,damask,abstract,texture,print,retro,vector,arabesque,background,line,geometric,geometry,asian,classic,design,fabric,monochrome,ornament,repeat,traditional,antique,leaves,persian,black,repetition,tilable,textile,asia,modular,scale,wallpaper,weave,assyrian,backdrop,decor,decoration,element,endless,geometrical,illustration,monochromatic,old,ornamental,symmetry,tiling,tracery,tradition",https://image.shutterstock.com/image-vector/seamless-pattern-persian-antique-ornament-600w-137686238.jpg,"[{'url': 'https://image.shutterstock.com/image-vector/seamless-pattern-persian-antique-ornament-600w-137686238.jpg', 'path': 'full/233c2ac722314bf531ab0d94ba1f7cf6d83a3e28.jpg', 'checksum': 'd6534cd31d89938c8f7f3bf82013dab4'}]"
1798287256,1,seamless+pattern+damask,vector,Aine,Fantasy seamless pattern with ornamental mandala. Abstract round doodle flower background. Floral geometric circle. Vector illustration.   ,"abstract,african,arabesque,arabic,backdrop,bohemian,boho,card,carpet,circle,curl,curly,damask,diwali,doodle,dot,dotted,ethnic,floral,flower,folkloric,geometric,henna,illustration,india,indian,lace,mandala,mendy,moroccan,native,orient,oriental,ornament,ornamental,ottoman,pattern,polka,round,rustic,seamless,shape,snowflake,star,swirl,texture,tribal,turkish,vector,wrapping",https://image.shutterstock.com/image-vector/fantasy-seamless-pattern-ornamental-mandala-600w-1798287256.jpg,"[{'url': 'https://image.shutterstock.com/image-vector/fantasy-seamless-pattern-ornamental-mandala-600w-1798287256.jpg', 'path': 'full/8a3164f766e111df4ae4972c7920f3d209720bf7.jpg', 'checksum': 'a500926503381676ee7148ab74f660dd'}]"
543190795,1,seamless+pattern+damask,vector,Tetiana+Denysenko,"seamless pattern, baroque, classical","pattern,seamless,floral,baroque,damask,flower,ornament,outline,texture,vector,fabric,victorian,3d,background,luxury,venetian,vintage,black,design,gold,renaissance,antique,art,backdrop,elegance,leaf,old,paper,royal,wallpaper,white,decor,decoration,decorative,flourish,illustration,ornamental,retro,template,textile,wrapping",https://image.shutterstock.com/image-vector/seamless-pattern-baroque-classical-600w-543190795.jpg,"[{'url': 'https://image.shutterstock.com/image-vector/seamless-pattern-baroque-classical-600w-543190795.jpg', 'path': 'full/675254f24975b03843fb30cd786d623ec44e07eb.jpg', 'checksum': 'f4120ebb7004a529fbcdc57a2c3e59d4'}]"
319328330,1,seamless+pattern+damask,vector,RODINA+OLENA,Damask seamless floral pattern. Royal wallpaper. Black flowers on a transparent background,"damask,pattern,seamless,vector,medieval,floral,ornament,victorian,ornate,royal,vintage,art,baroque,black,wallpaper,backdrop,carpet,design,element,gothic,renaissance,style,texture,abstraction,antique,background,cover,curtains,dark,decor,decoration,decorative,elegance,fashioned,leaf,leafs,luxury,old,organic,ornamental,plants,silhouette,silk,tile,tiled,unusual,venetian,wealth,weave",https://image.shutterstock.com/image-vector/damask-seamless-floral-pattern-royal-600w-319328330.jpg,"[{'url': 'https://image.shutterstock.com/image-vector/damask-seamless-floral-pattern-royal-600w-319328330.jpg', 'path': 'full/395fa37c49465caccc921886c1bf40b79355d602.jpg', 'checksum': '70f52316fa1116856c90ec5ceeb74b36'}]"
1799609440,1,seamless+pattern+damask,vector,oking,Seamless floral pattern. Stylized doodle flowers. Spanish ethnic embroidery. Folk ornament. Solar sign. Mediterranean print. Indian Oriental or Turkish textiles. Boho wallpaper. Hipster art.,"african background,american,aztec,boho wallpaper,border,ceramic,chevron,cute,damask,doodle flower,endless,ethnic embroidery,floral,folk ornament,geo,gypsy,hipster art,ikat,indian,indian batik,indonesia,jacquard,line,mediterranean print,mexico,motif,native,navajo,oriental,patchwork,pattern,peru,porcelain,pottery,repeat,scandinavian,seamless,slavic,solar sign,south,spanish,stitch,stripes,stylized,texture,traditional,tribal vector,turkish textile,vintage tile",https://image.shutterstock.com/image-vector/seamless-floral-pattern-stylized-doodle-600w-1799609440.jpg,"[{'url': 'https://image.shutterstock.com/image-vector/seamless-floral-pattern-stylized-doodle-600w-1799609440.jpg', 'path': 'full/1254e87ccc70dac2163eb7493395ff25ab5c88d7.jpg', 'checksum': 'f792ac2ca54ac764f5f022c0eb96642e'}]"
1795101847,1,seamless+pattern+damask,vector,flowersmile,"ceramic tile pattern, Seamless porcelain decor, cute Chinaware background, blue and white floral backdrop damask style for design floor, wallpaper, texture, fabric, paper, tiled and ceiling, vector","abstract,arabesque,art,azulejo,backdrop,background,blue,ceramic,china,cute,damask,decor,decoration,decorative,design,elegant,element,fabric,floor,floral,flower,geometric,graphic,illustration,japan,korean,modern,moroccan,mosaic,oriental,ornament,ornate,pattern,porcelain,print,seamless,spanish,style,textile,texture,tile,tiled,traditional,turkish,vector,vintage,wall,wallpaper,watercolor,white",https://image.shutterstock.com/image-vector/ceramic-tile-pattern-seamless-porcelain-600w-1795101847.jpg,"[{'url': 'https://image.shutterstock.com/image-vector/ceramic-tile-pattern-seamless-porcelain-600w-1795101847.jpg', 'path': 'full/5910150893c7784690e3501679e556db1c9c8c1f.jpg', 'checksum': 'f2ffb0a21a01c03c92932fcc26d9b75d'}]"
1076285882,1,seamless+pattern+damask,vector,Amovitania,"Luxury seamless patterns collection. Golden vintage design elements. Elegant weave ornament for wallpaper, fabric, paper, invitation print. Stylized damask vector background. Forged floral motif.","seamless,luxury,set,damask,romantic,vector,complex,design,baroque,brown,floral,graphic,interior,intricate,lace,print,royal,victorian,wallpaper,abstract,backgrounds,collection,curtains,curves,decorative,fabric,flower,foliage,forged,forging,gold,golden,greeting,ink,leaves,lines,metallic,ornamental,patterns,repeating,retro,style,stylized,swirl,symmetrical,textile,texture,tile,venetian,weave",https://image.shutterstock.com/image-vector/luxury-seamless-patterns-collection-golden-600w-1076285882.jpg,"[{'url': 'https://image.shutterstock.com/image-vector/luxury-seamless-patterns-collection-golden-600w-1076285882.jpg', 'path': 'full/9f1b213058436e91b6b1dde5085471cd324a4457.jpg', 'checksum': '7d2fb4f170eb3cf6d8d2537ece5795af'}]"
121453177,1,seamless+pattern+damask,vector,antony,Vector seamless floral pattern.,"pattern,seamless,damask,blue,luxury,background,baroque,floral,textile,vector,elegant,leaf,texture,victorian,vintage,beautiful,bloom,dark,decorative,plant,wallpaper,abstract,antique,backdrop,classic,decoration,illustration,old,ornament,ornate,outline,paper,retro,rich,royal,tile,wrapping,wrapping-paper",https://image.shutterstock.com/image-vector/vector-seamless-floral-pattern-600w-121453177.jpg,"[{'url': 'https://image.shutterstock.com/image-vector/vector-seamless-floral-pattern-600w-121453177.jpg', 'path': 'full/500e2ef35b6ec73c742d5a07ccf7203a8f7ac74d.jpg', 'checksum': 'a50dc52b1c4864820cef47835b55a45f'}]"
110379392,1,seamless+pattern+damask,vector,moonkin,Set of nine colorful seamless patterns for backgrounds and wallpapers,"pattern,seamless,damask,floral,geometric,set,vector,abstract,modern,vintage,little,symmetric,collection,design,mosaic,texture,background,curly,decorative,illustration,invitation,print,repeat,stylish,theme,wallpaper,artistic,backdrop,card,colorful,cover,creative,curl,drawing,element,fabric,flower,graphic,image,natural,ornament,ornamental,ornate,paper,plant,shape,simplicity,tiled,wrapping",https://image.shutterstock.com/image-vector/set-nine-colorful-seamless-patterns-600w-110379392.jpg,"[{'url': 'https://image.shutterstock.com/image-vector/set-nine-colorful-seamless-patterns-600w-110379392.jpg', 'path': 'full/a48e3c01a15ac1237c1f15e2a7ab71af607c7257.jpg', 'checksum': 'dbe21a6c1a0605f2a5110ae2e995ad9e'}]"
608922188,1,seamless+pattern+damask,vector,Irina+Mishina,Ornate damask vintage wallpaper. Vector seamless pattern,"damask,pattern,seamless,flower,vector,baroque,floral,vintage,wallpaper,antique,background,backdrop,design,flowery,foliage,rococo,romantic,art,curl,curtains,curves,decor,drawing,elegance,fabric,flourishes,leafs,leafy,old,organic,ornament,ornamental,renaissance,repeating,retro,revival,royal,style,swirl,textile,texture,tile,tiled,victorian",https://image.shutterstock.com/image-vector/ornate-damask-vintage-wallpaper-vector-600w-608922188.jpg,"[{'url': 'https://image.shutterstock.com/image-vector/ornate-damask-vintage-wallpaper-vector-600w-608922188.jpg', 'path': 'full/c843e078d2854b7b025f5bca696d102a62ddc4a7.jpg', 'checksum': 'f953d758f71f1ffa218eccb7c1cab0cc'}]"
273500294,1,seamless+pattern+damask,vector,RODINA+OLENA,"Wallpaper in the style of Baroque, damask. A seamless vector background. Gray and white ornament.","damask,pattern,vector,wallpaper,seamless,baroque,floral,decor,ornament,rose,tile,background,design,texture,elegant,flower,gray,venetian,fabric,old,victorian,vintage,curtains,decorative,drapery,fashion,flourishes,foliage,illustration,leafs,leafy,ornamental,ornate,renaissance,repeating,retro,revival,richly,royal,silhouette,silk,symbol,textile,tiled,unusual,weave,website,western,white,wrapping",https://image.shutterstock.com/image-vector/wallpaper-style-baroque-damask-seamless-600w-273500294.jpg,"[{'url': 'https://image.shutterstock.com/image-vector/wallpaper-style-baroque-damask-seamless-600w-273500294.jpg', 'path': 'full/e4ecd3120f3f4e1cdd12805f6f9888af48ec2562.jpg', 'checksum': '7f891801680b8592545de28e36490c27'}]"
226567423,1,seamless+pattern+damask,vector,RODINA+OLENA,Wallpaper in the style of Baroque. A seamless vector background. Gray and white texture.,"damask,pattern,wallpaper,victorian,baroque,vector,texture,seamless,background,design,floral,vintage,decor,fabric,royal,elegant,stylish,tile,venetian,curves,flower,renaissance,silk,western,curtains,decorative,drapery,editable,fashion,flourishes,foliage,illustration,leafs,old,ornament,ornamental,ornate,outline,repeating,retro,revival,richly,silhouette,symbol,textile,tiled,unusual,weave,website,wrapping",https://image.shutterstock.com/image-vector/wallpaper-style-baroque-seamless-vector-600w-226567423.jpg,"[{'url': 'https://image.shutterstock.com/image-vector/wallpaper-style-baroque-seamless-vector-600w-226567423.jpg', 'path': 'full/c215d069e0dd4d2daa2e167cb193a54934e09f82.jpg', 'checksum': 'f6f9e7149f47de8074eb20f8b5b05f9d'}]"
342960929,1,seamless+pattern+damask,vector,stuckmotion,Seamless Reworked Medieval Ornament Pattern Background Tile,"damask,pattern,abstract,art,background,decor,fabric,faux,flower,graphic,home,lines,print,renaissance,repeating,textile,wallpaper",https://image.shutterstock.com/image-vector/seamless-reworked-medieval-ornament-pattern-600w-342960929.jpg,"[{'url': 'https://image.shutterstock.com/image-vector/seamless-reworked-medieval-ornament-pattern-600w-342960929.jpg', 'path': 'full/18b9c6c05c0231e381baefb881292ce2fbfe31ef.jpg', 'checksum': 'e46c882d067db5466a212f42a52aaf78'}]"
547891348,1,seamless+pattern+damask,vector,citradora,seamless floral pattern with roses on white background,"pattern,flower,floral,seamless,vector,yellow,blue,spring,damask,background,white,foliage,garden,design,leaf,wallpaper,summer,art,drawing,graphic,meadow,pink,abstract,backdrop,nature,plant,blossom,decor,decoration,roses,season",https://image.shutterstock.com/image-vector/seamless-floral-pattern-roses-on-600w-547891348.jpg,"[{'url': 'https://image.shutterstock.com/image-vector/seamless-floral-pattern-roses-on-600w-547891348.jpg', 'path': 'full/59d774001acd7b14f61c224ce5cf5f9b17450588.jpg', 'checksum': '465cf826254e7994feb69127d8c13076'}]"
1737963614,1,seamless+pattern+damask,illustration,fbf,"Watercolor blue damask seamless pattern, indigo renaissance tiling ornament. Royal blue abstract filigree background. Elegant decorative revival tracery design.","blue,paisley,texture,abstract,arabesque,art,backdrop,background,boho,botanical,carpet,classic,color,damask,decor,decorative,design,element,ethnic,fabric,fashion,floral,flourish,flower,geometric,graphic,ikat,illustration,indigo,invitation,luxury,medallion,mediterranean,modern,moroccan,motif,ornament,painted,paper,pattern,rapport,seamless,stencil,tile,vignette,wall,wallpaper,watercolor,white,wrapping",https://image.shutterstock.com/image-illustration/watercolor-blue-damask-seamless-pattern-600w-1737963614.jpg,"[{'url': 'https://image.shutterstock.com/image-illustration/watercolor-blue-damask-seamless-pattern-600w-1737963614.jpg', 'path': 'full/711fce26f73aaf55281a27c21fefb48c2b860516.jpg', 'checksum': 'c6813818be3edd4c6f23bab4aa09ec30'}]"
759184012,1,seamless+pattern+damask,vector,Nailiana,"Beautful Baroque damask seamless pattern. Black white floral background wallpaper fabric with elegance flowers, scroll swirl leaves, antique ornaments in Baroque style. Luxury isolated design.","damask,pattern,baroque,ornament,print,seamless,floral,vector,wall,background,black,decorative,design,luxury,renaissance,template,texture,victorian,white,antique,art,baroque patterns,baroque wallpaper,beautiful,cloth,curve,decor,dotted,fabric,floral patterns,flowers,illustration,isolated,leaves,lines,modern,ornamental,ornate,paper,patterned,retro,revival,rococo,scrolls,style,swirls,textile,tracery,trendy,wallpaper",https://image.shutterstock.com/image-vector/beautful-baroque-damask-seamless-pattern-600w-759184012.jpg,"[{'url': 'https://image.shutterstock.com/image-vector/beautful-baroque-damask-seamless-pattern-600w-759184012.jpg', 'path': 'full/f92b5d57c2d2af4832c1bf84f084680be68bc820.jpg', 'checksum': '0f72b7ce004a0404585e8a95849fed4d'}]"
1403768480,1,seamless+pattern+damask,vector,RODINA+OLENA,"Floral pattern. Vintage wallpaper in the Baroque style. Seamless vector background. White and blue ornament for fabric, wallpaper, packaging. Ornate Damask flower ornament","antique,pattern,seamless,damask,fabric,ornamental,abstraction,background,baroque,blue,curtains,decor,decorative,design,drapery,elegant,fashion,floral,flower,foliage,graphic,illustration,leafs,luxury,old,organic,ornament,ornate,outline,packaging,renaissance,repeating,retro,revival,royal,silk,stylish,symbol,tile,tiled,unusual,vector,venetian,victorian,vintage,wallpaper,weave,website,white,wrapping",https://image.shutterstock.com/image-vector/floral-pattern-vintage-wallpaper-baroque-600w-1403768480.jpg,"[{'url': 'https://image.shutterstock.com/image-vector/floral-pattern-vintage-wallpaper-baroque-600w-1403768480.jpg', 'path': 'full/5824bc4396a253d0c66541f048b311870d793559.jpg', 'checksum': 'adc5b2e69e1625a5895149610886734a'}]"
1725859639,1,seamless+pattern+damask,vector,GarryKillian,"Damask seamless pattern element. Vector classical luxury old fashioned damask ornament, royal victorian seamless texture for wallpapers, textile, wrapping. Vintage exquisite floral baroque template.","fabric,ornate,pattern,royal,seamless,abstract,antique,art,backdrop,background,baroque,classic,damask,decor,decorative,design,elegance,elegant,element,fashion,floral,flower,foliage,graphic,illustration,intricacy,invitation,leaf,luxury,nostalgia,old,ornament,ornamental,paper,renaissance,repetition,retro,revival,rococo,silhouette,textile,texture,tile,vector,venetian,victorian,vintage,wallpaper,wedding,wrapping",https://image.shutterstock.com/image-vector/damask-seamless-pattern-element-vector-600w-1725859639.jpg,"[{'url': 'https://image.shutterstock.com/image-vector/damask-seamless-pattern-element-vector-600w-1725859639.jpg', 'path': 'full/8239079cfa55c8d9aaf2b28c44affab74cce8eab.jpg', 'checksum': 'd8e65cfe04c1a663959417857578a590'}]"
1634634382,1,seamless+pattern+damask,vector,limolida,French blu shabby chic damask vector texture background. Antique white blue flower seamless pattern. Hand drawn floral interior wallpaper home decor swatch. Classic baroque medallion all over print,"floral,french,background,damask,flower,medallion,pattern,texture,vintage,wallpaper,allover,antique,interior,print,seamless,vector,all over,baroque,bloom,blossom,blue yellow,classic,cloth,cottage,country,decorative,elaborate,elegant,fabric,flourish,france,french blu,hand drawn,home decor,indian,intricate,leaf,linen,motif,old,ornate,provence,rustic,shabby chic,style,textile,textured,tile,tiled,victorian",https://image.shutterstock.com/image-vector/french-blu-shabby-chic-damask-600w-1634634382.jpg,"[{'url': 'https://image.shutterstock.com/image-vector/french-blu-shabby-chic-damask-600w-1634634382.jpg', 'path': 'full/10213d3a603d177eb17bf6d59396f458bb186be9.jpg', 'checksum': '618e048f8c407f23643fe5693a5d3144'}]"
567952573,1,seamless+pattern+damask,vector,RODINA+OLENA,"Floral pattern. Wallpaper baroque, damask. Seamless vector background. Red and white ornament. Stylish graphic pattern","damask,pattern,wallpaper,seamless,ornament,vector,red,floral,background,flower,elegant,vintage,drapery,graphic,antique,decorative,fashion,old,outline,retro,tile,venetian,abstraction,baroque,curtains,decor,design,fabric,foliage,illustration,leafs,organic,ornamental,ornate,packaging,renaissance,repeating,revival,royal,silk,stylish,symbol,tiled,unusual,victorian,weave,website,western,wrapping",https://image.shutterstock.com/image-vector/floral-pattern-wallpaper-baroque-damask-600w-567952573.jpg,"[{'url': 'https://image.shutterstock.com/image-vector/floral-pattern-wallpaper-baroque-damask-600w-567952573.jpg', 'path': 'full/a803e3b3ce5ddc9b11a9466b1e5e172e1b9c6f8c.jpg', 'checksum': '5e91582e50efc3d773e1a224fd594e6f'}]"
500236288,1,seamless+pattern+damask,vector,GarryKillian,"Vector damask seamless pattern element. Classical luxury old fashioned damask ornament, royal victorian seamless texture for wallpapers, textile, wrapping. Exquisite floral baroque template.","pattern,damask,classic,baroque,victorian,floral,seamless,vintage,vector,background,design,flower,luxury,royal,graphic,old,paper,rococo,texture,illustration,ornate,wallpaper,carpet,tile,velvet,antique,botany,textile,backdrop,coat,curve,decor,elegance,element,fabric,foliate,intricacy,leaf,nostalgia,repetition,retro,revival,silk,stencil,style,styled,swatch,template,vignette",https://image.shutterstock.com/image-vector/vector-damask-seamless-pattern-element-600w-500236288.jpg,"[{'url': 'https://image.shutterstock.com/image-vector/vector-damask-seamless-pattern-element-600w-500236288.jpg', 'path': 'full/df63a347722e82aab16e0593e92a291da9010903.jpg', 'checksum': 'c84299f3fb8647867ca742a0fc0ecb5a'}]"
563358691,1,seamless+pattern+damask,vector,RODINA+OLENA,Abstract pattern in Arabian style. Seamless vector background. Gray and white texture.  Graphic modern pattern.,"pattern,seamless,damask,arabian,background,vector,element,islamic,traditional,abstract,abstraction,antique,arab,arabesque,arabic,art,artistic,backdrop,cover,deco,decor,decoration,design,fabric,geometric,geometry,graphic,gray,grey,islam,monochrome,moroccan,mosaic,oriental,ornament,repeat,royal,silk,silver,style,surface,symmetry,textile,texture,textured,tile,unusual,wallpaper,white,wrapping",https://image.shutterstock.com/image-vector/abstract-pattern-arabian-style-seamless-600w-563358691.jpg,"[{'url': 'https://image.shutterstock.com/image-vector/abstract-pattern-arabian-style-seamless-600w-563358691.jpg', 'path': 'full/901051df7ebee4b9eb13c832cb2915cab0a9c2a3.jpg', 'checksum': '872c378ac71dbf86ee116792bf6812e1'}]"
55684336,1,seamless+pattern+damask,vector,akaiser,set of nine monochrome geometrical patterns (seamlessly tiling),"pattern,japanese,seamless,geometric,chinese,vector,japan,texture,asian,background,vintage,tradition,ornament,line,design,china,repeat,set,retro,wallpaper,fabric,geometry,element,floral,monochrome,abstract,arabesque,asia,print,illustration,damask,decor,modular,monochromatic,antique,tilable,backdrop,circles,clouds,decoration,geometrical,ornamental,repetition,single-color,swirls,symmetry,textile,tiling,traditional",https://image.shutterstock.com/image-vector/set-nine-monochrome-geometrical-patterns-600w-55684336.jpg,"[{'url': 'https://image.shutterstock.com/image-vector/set-nine-monochrome-geometrical-patterns-600w-55684336.jpg', 'path': 'full/4498a04fa88734dbc52c87f39c1a954a89e07a30.jpg', 'checksum': 'cc0dc5c5eb86d2ed0be2bd59777151f7'}]"
604919759,1,seamless+pattern+damask,vector,RODINA+OLENA,Golden royal lilies on a red background. Seamless vector pattern. Floral ornament.,"pattern,seamless,background,damask,golden,red,design,arabesque,art,deco,luxury,moroccan,royal,wallpaper,abstraction,antique,arab,arabian,arabic,artistic,backdrop,cover,decor,decoration,east,element,fabric,flower,geometric,geometry,gold,graphic,graphical,islam,islamic,monochrome,mosaic,oriental,ornament,purple,repeat,style,surface,symmetry,texture,textured,tile,unusual,vector,wrapping",https://image.shutterstock.com/image-vector/golden-royal-lilies-on-red-600w-604919759.jpg,"[{'url': 'https://image.shutterstock.com/image-vector/golden-royal-lilies-on-red-600w-604919759.jpg', 'path': 'full/6abf8a461f6becde088825dfd06c2b340fec5865.jpg', 'checksum': '8d405091b199bb8d6e209adf99b37f83'}]"
591268796,1,seamless+pattern+damask,vector,Irina+Mishina,Ornate damask vintage wallpaper. Vector seamless pattern,"pattern,damask,seamless,texture,vintage,design,floral,flower,organic,retro,victorian,antique,art,backdrop,background,baroque,curl,curtains,curves,decor,drawing,elegance,fabric,flourishes,flowery,foliage,leafs,leafy,old,ornament,ornamental,renaissance,repeating,revival,rococo,romantic,royal,style,swirl,textile,tile,tiled,vector,wallpaper",https://image.shutterstock.com/image-vector/ornate-damask-vintage-wallpaper-vector-600w-591268796.jpg,"[{'url': 'https://image.shutterstock.com/image-vector/ornate-damask-vintage-wallpaper-vector-600w-591268796.jpg', 'path': 'full/9ca08049a912cc506a3b9f267f4ca33308a0e269.jpg', 'checksum': '49389bc54d74fd74fcff3280d066caa0'}]"
121520143,1,seamless+pattern+damask,vector,angelp,Damask Seamless Vector Pattern in Black and White colors.  Elegant Design in Royal  Baroque Style Background Texture. Floral and Swirl Element.  Ideal for Textile Print and Wallpapers.,"damask,pattern,seamless,vector,background,baroque,ornament,vintage,art,decor,floral,flower,renaissance,royal,set,textile,texture,victorian,wallpaper,abstract,antique,arabian,arabic,backdrop,collection,curl,curve,decoration,design,element,fabric,foliage,graphic,illustration,islam,islamic,leaf,muslim,old,ornamental,ornate,plant,retro,revival,rococo,silk,swirl,symbol,tile",https://image.shutterstock.com/image-vector/damask-seamless-vector-pattern-black-600w-121520143.jpg,"[{'url': 'https://image.shutterstock.com/image-vector/damask-seamless-vector-pattern-black-600w-121520143.jpg', 'path': 'full/291f1b641a08cde247876233c0f20c6b87bc4823.jpg', 'checksum': 'e4208553a141277dca7c9333d9eab5ee'}]"
1824917246,1,seamless+pattern+damask,vector,GarryKillian,"Damask seamless pattern element. Vector classical luxury old fashioned damask ornament, royal victorian seamless texture for wallpapers, textile, wrapping. Vintage exquisite floral baroque template.","damask,abstract,antique,art,backdrop,background,baroque,classic,decor,decorative,design,elegance,elegant,element,fabric,fashion,floral,flower,foliage,graphic,illustration,intricacy,invitation,leaf,luxury,nostalgia,old,ornament,ornamental,ornate,paper,pattern,renaissance,repetition,retro,revival,rococo,royal,seamless,silhouette,textile,texture,tile,vector,venetian,victorian,vintage,wallpaper,wedding,wrapping",https://image.shutterstock.com/image-vector/damask-seamless-pattern-element-vector-600w-1824917246.jpg,"[{'url': 'https://image.shutterstock.com/image-vector/damask-seamless-pattern-element-vector-600w-1824917246.jpg', 'path': 'full/7484c8234b68567ede57c9444c22e86f24ccb23f.jpg', 'checksum': 'b9eca9f5f763608296f6dbc43cdc1803'}]"
266579978,1,seamless+pattern+damask,vector,Marchenko+Oleksandr,"Vector damask seamless pattern background. Elegant luxury texture for wallpapers, backgrounds and page fill. 3D elements with shadows and highlights.","3d,pattern,damask,seamless,wall,baroque,wallpaper,ornament,vector,shadow,background,texture,floral,white,decorative,flower,blue,paper,vintage,carpet,classic,grey,old,victorian,design,flora,leaf,luxury,ornate,retro,style,antique,backdrop,classical,curve,cut,decor,decoration,elegance,element,illustration,ornamental,silk,swirl,template,textile,textured,wealth",https://image.shutterstock.com/image-vector/vector-damask-seamless-pattern-background-600w-266579978.jpg,"[{'url': 'https://image.shutterstock.com/image-vector/vector-damask-seamless-pattern-background-600w-266579978.jpg', 'path': 'full/94cb5478f617ff852a15126bd37ab42faa233e80.jpg', 'checksum': 'de912ba02afdfcd31fa8bd290a02ab2c'}]"
122421334,1,seamless+pattern+damask,vector,GarryKillian,Vector vintage floral seamless pattern element. Grunge print style.,"floral,pattern,seamless,vector,flower,baroque,grunge,vintage,damask,ornament,print,wall,antique,leaf,wallpaper,design,retro,texture,victorian,background,rust,style,art,element,ornate,swirl,dirty,elegant,paper,royal,artwork,backdrop,classical,creative,curve,decor,dirt,elegance,foliate,grungy,illustration,luxury,nostalgia,old,plants,repetition,rusty,silk,template,vignette",https://image.shutterstock.com/image-vector/vector-vintage-floral-seamless-pattern-600w-122421334.jpg,"[{'url': 'https://image.shutterstock.com/image-vector/vector-vintage-floral-seamless-pattern-600w-122421334.jpg', 'path': 'full/745f4ee08038b48832c10e822de3c195a6a87166.jpg', 'checksum': '1df4ceb60e7479deaba4559550e09933'}]"
1712216245,1,seamless+pattern+damask,vector,GarryKillian,"Damask seamless pattern background. Vector classical luxury old damask ornament, royal victorian seamless texture for wallpapers, textile, wrapping. Vintage exquisite floral baroque template.","damask,pattern,baroque,seamless,abstract,antique,art,backdrop,background,classic,decor,decorative,design,elegance,elegant,element,fabric,fashion,floral,flower,foliage,graphic,illustration,intricacy,invitation,leaf,luxury,nostalgia,old,ornament,ornamental,ornate,paper,renaissance,repetition,retro,revival,rococo,royal,silhouette,textile,texture,tile,vector,venetian,victorian,vintage,wallpaper,wedding,wrapping",https://image.shutterstock.com/image-vector/damask-seamless-pattern-background-vector-600w-1712216245.jpg,"[{'url': 'https://image.shutterstock.com/image-vector/damask-seamless-pattern-background-vector-600w-1712216245.jpg', 'path': 'full/c13a22428a76a4c26746ecda7d33d8fc0c8623e3.jpg', 'checksum': '185fd0c94258d6bd1e25592194b859b3'}]"
1018541881,1,seamless+pattern+damask,vector,Maryna+Butko,"Vintage baroque pattern seamless vector in classic flower graphic style background for backdrop, template, cover page design , fabric, textile.Damask seamless floral pattern with roses.","pattern,floral,seamless,vector,abstract,asian,graphic,tattoo,vintage,art,backdrop,background,black and white,blossom,cover page design,decoration,decorative,design,element,fabric,flower,illustration,nature,nature background,ornament,paper,pattern vector,retro,rich,romance,rose,royal,set,spring,style,template,textile,texture,traditional,victorian,wallpaper,wave,wedding",https://image.shutterstock.com/image-vector/vintage-baroque-pattern-seamless-vector-600w-1018541881.jpg,"[{'url': 'https://image.shutterstock.com/image-vector/vintage-baroque-pattern-seamless-vector-600w-1018541881.jpg', 'path': 'full/574b6a44c5a13bf76f4bf5f4719cc6dd7b43dae4.jpg', 'checksum': '406fa39780c0cf257548c702b84940fc'}]"
55985248,1,seamless+pattern+damask,vector,pim,Peony seamless pattern,"pattern,seamless,floral,vintage,flower,damask,sketch,elegant,vector,background,repeat,modern,texture,foliage,silver,leaf,ornament,art,illustration,old,retro,wallpaper,decorative,organic,silk,backdrop,branch,curl,decor,decoration,element,graphic,natural,nostalgia,peony,plant,scale,stains",https://image.shutterstock.com/image-vector/peony-seamless-pattern-600w-55985248.jpg,"[{'url': 'https://image.shutterstock.com/image-vector/peony-seamless-pattern-600w-55985248.jpg', 'path': 'full/b5f5e11d8fd3473b319284900d9fc514bef02889.jpg', 'checksum': 'e48410b582250a12aa368b17f964271d'}]"
535015039,1,seamless+pattern+damask,vector,RODINA+OLENA,"Floral pattern. Wallpaper baroque, damask. Seamless vector background. Pink and white ornament..","ornament,pattern,damask,vector,seamless,baroque,floral,vintage,wallpaper,background,flower,royal,design,organic,decor,fabric,foliage,old,outline,pink,renaissance,retro,revival,silhouette,symbol,victorian,antique,curtains,curves,decoration,decorative,drapery,editable,fashion,flourishes,foliate,graphic,illustration,leafs,ornamental,rapport,repeating,silk,tile,tiled,tillable,tracery,unusual,venetian,wrapping",https://image.shutterstock.com/image-vector/floral-pattern-wallpaper-baroque-damask-600w-535015039.jpg,"[{'url': 'https://image.shutterstock.com/image-vector/floral-pattern-wallpaper-baroque-damask-600w-535015039.jpg', 'path': 'full/f0035774492a3e0129c4934d03f53ad60cfd1e01.jpg', 'checksum': '7c0e63c192b7c4cece5e613375f751da'}]"
1784304347,1,seamless+pattern+damask,illustration,alenkakarabanova,Summer floral bouquet seamless pattern in pastel orange and blue colors. Illustrated floral texture for vintage fabric design. Fashionable repeated background.,"pattern,seamless,floral,abstract,print,texture,art,botanical,fabric,moody,repeat,background,chrysanthemum,color,damask,decor,decoration,decorative,design,drawing,elegance,elegant,ethnic,fashionable,flower,graphic,hand-drawn,illustrated,illustration,indian,leaf,leaves,narcissus,natural,nature,neutral,ornament,palette,pastel,plant,retro,romance,russian,style,summer,surface,textile,traditional,vintage,wallpaper",https://image.shutterstock.com/image-illustration/summer-floral-bouquet-seamless-pattern-600w-1784304347.jpg,"[{'url': 'https://image.shutterstock.com/image-illustration/summer-floral-bouquet-seamless-pattern-600w-1784304347.jpg', 'path': 'full/c242d21c00ad98e354e540a6db6ac04888fa7e2f.jpg', 'checksum': '0d04eaba7830e981b78de8895e028577'}]"
214587568,1,seamless+pattern+damask,vector,GarryKillian,"Vector damask seamless pattern element. Elegant luxury texture for wallpapers, backgrounds and page fill.","pattern,seamless,damask,floral,ornament,victorian,vector,vintage,flower,background,decorative,swirl,chocolate,royal,antique,art,baroque,brown,elegance,flora,luxury,wall,backdrop,carpet,classical,curve,decor,design,element,foliate,illustration,leaf,nostalgia,old,ornamental,ornate,paper,plants,repetition,retro,silk,style,template,textile,textured,vertical,vignette,wallpaper,wealth",https://image.shutterstock.com/image-vector/vector-damask-seamless-pattern-element-600w-214587568.jpg,"[{'url': 'https://image.shutterstock.com/image-vector/vector-damask-seamless-pattern-element-600w-214587568.jpg', 'path': 'full/46765e8b56d1e2740a4c21169c282b4f651ea669.jpg', 'checksum': 'b3d9ae6cc9560ade0a1613202e2c5c1c'}]"
94700353,1,seamless+pattern+damask,vector,roverto,Damask pattern,"damask,baroque,pattern,seamless,wallpaper,vector,antique,floral,foliage,organic,pink,royal,texture,vintage,able,backdrop,background,contrast,curtains,curves,decor,decorative,drapery,fabric,flourishes,glamour,illustration,leafs,old,ornamental,outline,renaissance,repeating,retro,revival,silhouette,textile,tile,venetian",https://image.shutterstock.com/image-vector/damask-pattern-600w-94700353.jpg,"[{'url': 'https://image.shutterstock.com/image-vector/damask-pattern-600w-94700353.jpg', 'path': 'full/f17a5b31b7596f9151f6b542f80b6018e3328f89.jpg', 'checksum': '41cc89021a8f91e5a171acad668e871f'}]"
1138469207,1,seamless+pattern+damask,vector,RODINA+OLENA,"Flower geometric pattern. Seamless vector background. Gold and black ornament. Ornament for fabric, wallpaper, packaging. Decorative print","pattern,ornament,damask,seamless,gold,background,simple,vector,black,floral,geometric,element,flower,geometry,texture,abstract,arabic,art,artistic,backdrop,carpet,cover,decor,decoration,decorative,design,elegant,fabric,fashion,graphic,interior,modern,ornate,print,regular,repeat,repeating,retro,shape,sign,style,textile,tile,vintage,wallpaper",https://image.shutterstock.com/image-vector/flower-geometric-pattern-seamless-vector-600w-1138469207.jpg,"[{'url': 'https://image.shutterstock.com/image-vector/flower-geometric-pattern-seamless-vector-600w-1138469207.jpg', 'path': 'full/c74d1c218b91ec705f7fd0a602ccfb634fff350d.jpg', 'checksum': '899723b519311629c2459dddfe397532'}]"
226501843,1,seamless+pattern+damask,vector,GarryKillian,"Vector damask seamless pattern element. Elegant luxury texture for wallpapers, backgrounds and page fill.","damask,seamless,pattern,vintage,background,turquoise,baroque,flower,paper,wall,antique,floral,swirl,vector,victorian,wallpaper,art,backdrop,carpet,classical,curve,decor,decorative,design,elegance,element,flora,foliate,illustration,leaf,light,luxury,nostalgia,old,ornament,ornamental,ornate,plants,repetition,royal,silk,style,template,textile,textured,vertical,vignette,wealth",https://image.shutterstock.com/image-vector/vector-damask-seamless-pattern-element-600w-226501843.jpg,"[{'url': 'https://image.shutterstock.com/image-vector/vector-damask-seamless-pattern-element-600w-226501843.jpg', 'path': 'full/554bb3adb9ba519931d472f8d59aded55e1ee5b8.jpg', 'checksum': 'd85f5e9754ef6880d0b3071791abf0fb'}]"
1899991600,1,seamless+pattern+damask,vector,smash338,Seamless ornament on background. Floral ornament on background. Wallpaper pattern. Template for design of your interior. Vector illustration,"abstract,antique,art,backdrop,background,black,carpet,chinese,contemporary,damask,decor,decoration,decorative,design,elegant,element,fabric,floral,flower,geometric,graphic,illustration,interior,italy,lace,leaf,oriental,ornament,ornate,paper,pattern,renaissance,repeat,retro,seamless,shape,style,symmetry,template,textile,texture,tile,vector,venice,victorian,vietnamese,vintage,wall,wallpaper,white",https://image.shutterstock.com/image-vector/seamless-ornament-on-background-floral-600w-1899991600.jpg,"[{'url': 'https://image.shutterstock.com/image-vector/seamless-ornament-on-background-floral-600w-1899991600.jpg', 'path': 'full/12ce8ce8a4904dce685575e97f1d282d6a01ff2b.jpg', 'checksum': '062fe93fc6941bf35eac432666f12d06'}]"
1033130467,1,seamless+pattern+damask,vector,Olgastocker,"Golden mesh seamless pattern. Subtle vector abstract geometric ornament texture with thin curved lines, delicate mesh, net, grid, lattice, lace. Gold and white luxury background. Repeat design element","pattern,seamless,damask,japanese,abstract,geometric,graphic,print,arabesque,lace,net,arabic,background,fabric,line,design,gold,lattice,modern,vector,linear,luxury,mesh,old,oriental,repeat,traditional,wallpaper,white,antique,art deco,curtain,decor,decoration,decorative,delicate,fashion,geometry,golden pattern,grid,minimal,ornament,retro,royal,silk,style,textile,texture,tile,wavy",https://image.shutterstock.com/image-vector/golden-mesh-seamless-pattern-subtle-600w-1033130467.jpg,"[{'url': 'https://image.shutterstock.com/image-vector/golden-mesh-seamless-pattern-subtle-600w-1033130467.jpg', 'path': 'full/45f49cb3327a80af0cf6be5759dd729870e02ff2.jpg', 'checksum': '2e6eb718ec4bc05b215d54ce49726e0d'}]"
1800410878,1,seamless+pattern+damask,vector,mmalkani,Seamless black and white damask wallpaper,"pattern,seamless,antique,art,asian,backdrop,background,baroque,black,classic,classical,creative,curtain,damask,decor,decoration,decorative,design,drapery,element,fabric,floral,gothic,graphic,illustration,luxury,old,ornament,ornamental,ornate,paper,renaissance,repeat pattern,retro,revival,rich,rococo,royal,scroll,silk,symbol,textile,tile,vector,victorian,vintage,wallpaper,wallpaper pattern,white,wrapping",https://image.shutterstock.com/image-vector/seamless-black-white-damask-wallpaper-600w-1800410878.jpg,"[{'url': 'https://image.shutterstock.com/image-vector/seamless-black-white-damask-wallpaper-600w-1800410878.jpg', 'path': 'full/7e3a08b5d0d24ac2128dbe5a953c85fe499c63bd.jpg', 'checksum': 'b1624b3d0d78bcd61928bac3712a488b'}]"
1891381048,1,seamless+pattern+damask,vector,incomible,Portuguese azulejo ceramic tile seamless pattern. Mediterranean traditional ornament. Italian pottery or spanish majolica. Baroque damask background with vintage scroll leaves.,"italian,seamless,traditional,ancient,antique,architecture,azulejo,background,baroque,blue,ceramic,culture,damask,decor,decoration,elegant,fabric,floral,folkloric,interior,leaf,majolic,mediterranean,mosaic,old,oriental,ornament,ornamental,paper,pattern,portugal,portuguese,pottery,print,rich,rococo,royal,spanish,square,textile,texture,tile,vector,victorian,vignette,vintage,wall,wallpaper,wrapper",https://image.shutterstock.com/image-vector/portuguese-azulejo-ceramic-tile-seamless-600w-1891381048.jpg,"[{'url': 'https://image.shutterstock.com/image-vector/portuguese-azulejo-ceramic-tile-seamless-600w-1891381048.jpg', 'path': 'full/a8d9d8299e435d8c7fefdd2b0c013643d74d1015.jpg', 'checksum': '88c6a941ff87afc27d972c007165b62e'}]"
187082246,1,seamless+pattern+damask,vector,GarryKillian,"Vector damask seamless pattern element. Elegant luxury texture for wallpapers, backgrounds and page fill.","pattern,seamless,royal,damask,vintage,floral,flower,luxury,vector,ornament,carpet,baroque,antique,chocolate,wallpaper,flora,illustration,nostalgia,wall,decor,design,victorian,background,brown,leaf,old,style,swirl,vertical,art,foliate,paper,retro,silk,textile,backdrop,classical,curve,decorative,elegance,element,ornamental,ornate,plants,repetition,template,textured,vignette,wealth",https://image.shutterstock.com/image-vector/vector-damask-seamless-pattern-element-600w-187082246.jpg,"[{'url': 'https://image.shutterstock.com/image-vector/vector-damask-seamless-pattern-element-600w-187082246.jpg', 'path': 'full/9cd20c37aa130b25a59ac7070c469f677c6c87f1.jpg', 'checksum': 'b2a74b236e275d285f3474f4011fcb9b'}]"
106429586,1,seamless+pattern+damask,vector,hoverfly,Set of nine seamless pattern in retro style,"pattern,vintage,seamless,retro,vector,damask,flower,floral,texture,set,orange,ornate,abstract,green,renaissance,ornament,paper,baroque,design,rococo,swirl,victorian,wallpaper,brown,collection,fabric,fleur,outline,repeat,spiral,square,textile,art,continuity,style,backdrop,backgrounds,beige,classical,contour,decoration,elegance,leaf,ornamental,printing,series,shape,silk,swatch,wrapping",https://image.shutterstock.com/image-vector/set-nine-seamless-pattern-retro-600w-106429586.jpg,"[{'url': 'https://image.shutterstock.com/image-vector/set-nine-seamless-pattern-retro-600w-106429586.jpg', 'path': 'full/578501e7b276b1807cb991dd1d6b6f2f0b96c496.jpg', 'checksum': '6f01316dafda557eea54261f6602eda5'}]"
1066137947,1,seamless+pattern+damask,vector,GarryKillian,"Vector volumetric damask seamless pattern element. Elegant luxury embossed texture for wallpapers, backgrounds and page fill. 3D elements with shadows and highlights.","pattern,baroque,damask,seamless,antique,3d,rococo,vector,wall,backdrop,background,classic,classical,curve,cut,decor,decorative,elegance,element,flora,floral,flower,foliate,graphic,grey,leaf,luxury,old,ornament,ornamental,ornate,plants,repetition,retro,royal,silk,style,swirl,textured,victorian,vignette,vintage,wallpaper,wealth,white",https://image.shutterstock.com/image-vector/vector-volumetric-damask-seamless-pattern-600w-1066137947.jpg,"[{'url': 'https://image.shutterstock.com/image-vector/vector-volumetric-damask-seamless-pattern-600w-1066137947.jpg', 'path': 'full/e67e08d7f76ef73ea9b47d6d157b5a8027824ed5.jpg', 'checksum': '278702bf55d3f1a974f61264ef6b5332'}]"
121700632,1,seamless+pattern+damask,vector,stuckmotion,Seamless retro background in modern ikat pattern,"pattern,seamless,retro,damask,yellow,background,diamond,fashion,geometric,vintage,fabric,design,print,simple,texture,color,geometry,classic,wallpaper,graphic,traditional,material,cotton,emerald,backdrop,delicate,diagonal,screen,style,twill,wear,abstract background,beautiful,clothes,clothing,elegant,fabric print,fashion accessories,net,old,ornament paper,paper texture,phone case,repeating,retro modern,symmetry,textile,textile print,veil,vintage wallpaper",https://image.shutterstock.com/image-vector/seamless-retro-background-modern-ikat-600w-121700632.jpg,"[{'url': 'https://image.shutterstock.com/image-vector/seamless-retro-background-modern-ikat-600w-121700632.jpg', 'path': 'full/ea4f4f36a8cff81d90196b4f1d27e3b13aa42f6e.jpg', 'checksum': '7f8c2087db97073f4674e718df4fbdf7'}]"
1917648323,1,seamless+pattern+damask,vector,Almira+Amalfi,"Seamless wallpaper vector design. Background floral pattern, damask illustration","abstract,antique,art,backdrop,background,baroque,beautiful,card,classic,curtains,curves,damask,decor,decorative,design,drapery,fabric,floral,flourishes,flower,foliage,graphic,illustration,leafs,luxury,old,ornament,ornamental,ornate,outline,paper,pattern,renaissance,repeating,retro,revival,royal,seamless,silk,style,textile,texture,tile,tiled,vector,venetian,victorian,vintage,wallpaper,western",https://image.shutterstock.com/image-vector/seamless-wallpaper-vector-design-background-600w-1917648323.jpg,"[{'url': 'https://image.shutterstock.com/image-vector/seamless-wallpaper-vector-design-background-600w-1917648323.jpg', 'path': 'full/2bca6f33bf648ab3dee20411080facb7fe576885.jpg', 'checksum': '128d3085ef45e93b95ab7e5d37edd1d0'}]"
500236444,1,seamless+pattern+damask,vector,GarryKillian,"Vector damask seamless pattern element with ancient text. Classical luxury old fashioned damask ornament, royal victorian seamless texture for wallpapers, textile. Exquisite floral baroque template.","damask,pattern,classic,seamless,baroque,background,luxury,royal,vector,design,rococo,style,botany,carpet,nostalgia,textile,texture,victorian,vintage,wallpaper,floral,graphic,illustration,paper,retro,antique,backdrop,coat,curve,decor,elegance,element,fabric,flower,foliate,intricacy,leaf,old,ornate,repetition,revival,silk,stencil,styled,swatch,template,tile,velvet,vignette",https://image.shutterstock.com/image-vector/vector-damask-seamless-pattern-element-600w-500236444.jpg,"[{'url': 'https://image.shutterstock.com/image-vector/vector-damask-seamless-pattern-element-600w-500236444.jpg', 'path': 'full/cc689556bf25c211f09e5b37f8e3464cfb2c6787.jpg', 'checksum': 'a6c97b173b52a6ea90cb58eec26309c1'}]"
722078677,1,seamless+pattern+damask,vector,Daria+Kozlovskikh,Seamless pattern of decorative gold floral element.,"pattern,baroque,floral,gold,damask,ornament,arabesque,seamless,wallpaper,victorian,vector,vintage,classic,renaissance,border,luxury,design,lace,texture,background,antique,art,filigree,frame,blue,decor,geometric,ornate,repeat,rich,lux,elegant,line,swirl,style,arabian,old,wedding,arabic,bronze,abundance,decoration,decorative,luxuriant,ornamental",https://image.shutterstock.com/image-vector/seamless-pattern-decorative-gold-floral-600w-722078677.jpg,"[{'url': 'https://image.shutterstock.com/image-vector/seamless-pattern-decorative-gold-floral-600w-722078677.jpg', 'path': 'full/f6cef32aec5fb849a16be54908c00d9bca7773cb.jpg', 'checksum': 'caf424dd5e2b9717668f0d8dda949c17'}]"
140284309,1,seamless+pattern+damask,vector,RODINA+OLENA,Stylish texture with a repeating pattern.A seamless vector background.,"pattern,seamless,damask,geometric,modern,vector,contemporary,simple,luxury,wall,wallpaper,abstract,small,texture,cover,dot,vintage,design,shapes,background,delicate,fabric,white,abstract background,aged,art,backdrop,beautiful,curtain,decor,drawings,elements,fashion,funky,geometric pattern,graphical,graphics,mesh,old,ornament,ornate,periodic,regular,repeat,textile,tile,tracery,website,white texture",https://image.shutterstock.com/image-vector/stylish-texture-repeating-patterna-seamless-600w-140284309.jpg,"[{'url': 'https://image.shutterstock.com/image-vector/stylish-texture-repeating-patterna-seamless-600w-140284309.jpg', 'path': 'full/4de8d6d081f25e6cf59ecd935a5d6d3cd052ef2c.jpg', 'checksum': '47dd63541bb5274cf474f0addc46f880'}]"
1115923313,1,seamless+pattern+damask,vector,oking,"Talavera pattern.  Azulejos portugal. Turkish ornament. Moroccan tile mosaic. Spanish porcelain. Ceramic tableware, folk print. Spanish pottery. Ethnic background. Mediterranean seamless  wallpaper.","seamless,damask,flower,design,floral,watercolor,boho,geometric,print,vintage,ceramic,blue,arabesque,motif,texture,majolica,mexico,mosaic,portugal,leaf,pottery,modern,navajo,square,white,barcelona,oriental,american,cute,islamic,peru,talavera,arab,baroque,chinese wallpaper,dutch tiles,ethnic background,folklore frame,geometrical,indian art,indian patchwork,japanese pattern,moroccan tile,portuguese azulejo,south,spanish porcelain,texture border,tunisian,turkish embroidery,vector ornament",https://image.shutterstock.com/image-vector/talavera-pattern-azulejos-portugal-turkish-600w-1115923313.jpg,"[{'url': 'https://image.shutterstock.com/image-vector/talavera-pattern-azulejos-portugal-turkish-600w-1115923313.jpg', 'path': 'full/f7c0eea48260c71137b8780cae141324cc16d93a.jpg', 'checksum': '311fe01689fe77c2ef9c600d63cd196f'}]"
697730356,1,seamless+pattern+damask,vector,shabirajmeri,Abstract pattern in Arabian style. Seamless geometric vector background.,"pattern,damask,seamless,royal,arab,arabesque,geometric,tile,moroccan,art,vector,arabian,oriental,background,deco,modern,abstract,geometry,islamic,texture,style,antique,decor,design,fabric,mosaic,silk,silver,victorian,wallpaper,abstraction,arabic,artistic,backdrop,cover,decoration,element,graphic,islam,monochrome,ornament,repeat,surface,symmetry,textured,traditional,unusual,wall,white,wrapping",https://image.shutterstock.com/image-vector/abstract-pattern-arabian-style-seamless-600w-697730356.jpg,"[{'url': 'https://image.shutterstock.com/image-vector/abstract-pattern-arabian-style-seamless-600w-697730356.jpg', 'path': 'full/b60eedc3ab61c8e3d5f5986e2a64815406d33ef9.jpg', 'checksum': '201bb558408317df03ca831a40139d2f'}]"
1057683035,1,seamless+pattern+damask,vector,ira9507,"Floral seamless pattern. Swirls background for wrapping, fabric, paper and wallpaper. ","pattern,floral,seamless,filigree,damask,black,flower,white,vector,wallpaper,ornament,background,plant,design,leaf,repeat,victorian,vignette,art,lace,ornate,print,texture,vintage,backdrop,beautiful,branch,carving,deco,decor,decoration,decorative,endless,fabric,fashion,flora,flourish,flowery,hand drawn,illustration,linens,oriental,ornamental,paper,sample,swatch,template,textile,tile,wrapping",https://image.shutterstock.com/image-vector/floral-seamless-pattern-swirls-background-600w-1057683035.jpg,"[{'url': 'https://image.shutterstock.com/image-vector/floral-seamless-pattern-swirls-background-600w-1057683035.jpg', 'path': 'full/7515c7849f0e7aa21e2079fa2aef7b0a5df80498.jpg', 'checksum': 'd020e51093053c60eb3fad167f2b04da'}]"
694344628,1,seamless+pattern+damask,vector,RODINA+OLENA,"Floral pattern. Wallpaper baroque, damask. Seamless vector background. Graphic modern pattern.","pattern,damask,baroque,vector,abstract,geometric,royal,wallpaper,seamless,ornament,floral,victorian,silhouette,islamic,rapport,vintage,design,flower,moroccan,old,repeating,background,curtains,decor,decoration,decorative,drapery,fabric,foliage,graphic,gray,grey,illustration,islam,leaf,leafs,organic,oriental,ornamental,renaissance,retro,silk,surface,symbol,tile,tiled,unusual,weave,white,wrapping",https://image.shutterstock.com/image-vector/floral-pattern-wallpaper-baroque-damask-600w-694344628.jpg,"[{'url': 'https://image.shutterstock.com/image-vector/floral-pattern-wallpaper-baroque-damask-600w-694344628.jpg', 'path': 'full/c92a6e9219c1b9dea7961f00f14d9a0a120297fe.jpg', 'checksum': 'ed8f5a86794670bbc0350ee136f25d31'}]"
102220225,1,seamless+pattern+damask,vector,ldesignlilia,Baroque Seamless Pattern,"damask,pattern,seamless,baroque,background,floral,vector,vintage,wallpaper,western,flower,texture,victorian,royal,brown,design,antique,mosaic,rapport,symbol,textile,silhouette,drapery,old,organic,outline,renaissance,tile,venetian,curtains,curves,decor,decorative,editable,fabric,fashion,flourishes,foliage,illustration,leafs,ornamental,repeating,retro,revival,silk,tiled,tillable,weave,wrapping",https://image.shutterstock.com/image-vector/baroque-seamless-pattern-600w-102220225.jpg,"[{'url': 'https://image.shutterstock.com/image-vector/baroque-seamless-pattern-600w-102220225.jpg', 'path': 'full/1a45c14b8a1dee1686695b5fecb2da5284049ac5.jpg', 'checksum': '259a076175a001db269f07fe582e28f2'}]"
458974003,1,seamless+pattern+damask,vector,RODINA+OLENA,Abstract pattern in Arabian style. Seamless vector background. Gold and white texture. Graphic modern pattern.,"pattern,geometric,damask,vector,background,seamless,ornament,islam,moroccan,arabian,antique,royal,arab,gold,texture,oriental,wallpaper,arabesque,design,abstract,geometry,wall,art,silver,style,deco,fabric,white,tile,graphic,repeat,mosaic,cover,backdrop,monochrome,silk,abstraction,arabic,artistic,decor,decoration,element,islamic,surface,symmetry,textured,traditional,unusual,wrapping",https://image.shutterstock.com/image-vector/abstract-pattern-arabian-style-seamless-600w-458974003.jpg,"[{'url': 'https://image.shutterstock.com/image-vector/abstract-pattern-arabian-style-seamless-600w-458974003.jpg', 'path': 'full/b3a89deee22386c76f709850ca505af5a1e48fe0.jpg', 'checksum': '8ced0c53d6b5216cbfc2c2d1f06f7a0f'}]"
172395980,1,seamless+pattern+damask,vector,RODINA+OLENA,Wallpaper in the style of Baroque. A seamless vector background.,"pattern,seamless,floral,vector,flower,vintage,damask,victorian,background,texture,baroque,brown,renaissance,arabic,royal,venetian,western,fabric,moroccan,design,retro,textile,wallpaper,antique,beige,drapery,organic,outline,rapport,curtains,curves,decor,decorative,fashion,flourishes,foliage,gray,illustration,leafs,old,ornamental,repeating,revival,silhouette,silk,symbol,tile,tiled,weave,wrapping",https://image.shutterstock.com/image-vector/wallpaper-style-baroque-seamless-vector-600w-172395980.jpg,"[{'url': 'https://image.shutterstock.com/image-vector/wallpaper-style-baroque-seamless-vector-600w-172395980.jpg', 'path': 'full/5e7711097c7c8925ba2495e20457b5776cb30eb2.jpg', 'checksum': 'b3ba649e2da5992eb2c65aa484c8e7ba'}]"
1713006574,1,seamless+pattern+damask,vector,victory28,Damask seamless floral pattern. Shabby ornament and background in vector. Ornate Lace Fabric,"wallpaper,pattern,vintage,background,damask,seamless,texture,abstract,design,fabric,flower,indian,tile,antique,arabian,arabic,art,backdrop,baroque,border,classic,decor,decoration,decorative,elegance,elegant,element,fashion,floral,graphic,illustration,leaf,luxury,modern,old,ornament,ornate,paper,renaissance,repetition,retro,rococo,royal,silk,style,textile,turkish,vector,victorian,western",https://image.shutterstock.com/image-vector/damask-seamless-floral-pattern-shabby-600w-1713006574.jpg,"[{'url': 'https://image.shutterstock.com/image-vector/damask-seamless-floral-pattern-shabby-600w-1713006574.jpg', 'path': 'full/193ee1cf01c53298f53c1c6a7a6ae856d004af72.jpg', 'checksum': 'ce50a0a53efd24e60e16dbc484d9aac3'}]"
1038713569,1,seamless+pattern+damask,vector,mattarini,"Pattern with ornamental flowers. Green floral ornament. Template for wallpaper, textile, shawl, carpet and any surface. ","pattern,damask,floral,ornament,carpet,islamic,arabic,design,persian,asian,gold,medallion,ornate,tapestry,wallpaper,arabesque,embroidery,english,flower,oriental,rosette,rug,seamless,shawl,vintage,abstract,beige,colorful,ethnic,european,fabric,leaf,rich,template,textile,vector,art,background,baroque,decor,eastern,filigree,green,indian,iranian,medieval,middle,print,stencil,victorian",https://image.shutterstock.com/image-vector/pattern-ornamental-flowers-green-floral-600w-1038713569.jpg,"[{'url': 'https://image.shutterstock.com/image-vector/pattern-ornamental-flowers-green-floral-600w-1038713569.jpg', 'path': 'full/49b7b76b7a033db9393cf7cb125cdc8d8def454c.jpg', 'checksum': '6826f802399f916db69000ca510ccb35'}]"
1869615235,1,seamless+pattern+damask,vector,Annartlab,"Turquoise and white seamless pattern with mandala ornament. Traditional Arabic, Indian motifs. Great for fabric and textile, wallpaper, packaging or any desired idea.","lace,medallion,pattern,floral,indian,paisley,tribal,abstract,antique,arabesque,background,baroque,beauty,bohemian,boho,carpet,classic,damask,decoration,decorative,elegant,ethnic,fashion,flower,folk,geometric,invitation,islamic,leaf,leaves,luxury,mandala,modern,moroccan,mosaic,motif,organic,oriental,ornate,ottoman,retro,royal,rug,stripe,texture,tile,vector,victorian,vintage,wedding",https://image.shutterstock.com/image-vector/turquoise-white-seamless-pattern-mandala-600w-1869615235.jpg,"[{'url': 'https://image.shutterstock.com/image-vector/turquoise-white-seamless-pattern-mandala-600w-1869615235.jpg', 'path': 'full/b5bde3cea96eca6a5310a8508aad2168b36ef9e0.jpg', 'checksum': '56b6b1fbbbe18a12fc0301b635420d9a'}]"
1724705359,1,seamless+pattern+damask,illustration,DigitalArtDesigner,Colorful vintage ceramic tiles wall decoration/Digital tiles design,"3d,abstract,architecture,artistic,arts,artwork,background,bathroom,beautiful,ceramic,concept,creative,damask,decor,decorative,design,detail,digital,display,element,elevations,fabric,floor,geometric,graphic,highlight,illustration,image,interior,kaleidoscope,kitchen,mandala,modern,nostalgic,organic,ornamental,pattern,petal,seamless,shape,style,surface,textile,texture,tiles,twenties,vintage,wall background,wallpaper",https://image.shutterstock.com/image-illustration/colorful-vintage-ceramic-tiles-wall-600w-1724705359.jpg,"[{'url': 'https://image.shutterstock.com/image-illustration/colorful-vintage-ceramic-tiles-wall-600w-1724705359.jpg', 'path': 'full/e3998401c5024c5a29e48c81725ad8e87b5a847e.jpg', 'checksum': '9b8682dda5dd92cacd81fdd28d97e3e4'}]"
745639774,1,seamless+pattern+damask,vector,MiSt21, Vector illustration. Damask seamless floral pattern. luxury texture for wallpapers.,"damask,pattern,wallpaper,background,seamless,velvet,design,vintage,blue,texture,brown,dark,decorative,floral,old,vector,antique,backdrop,elegance,gray,illustration,ornament,ornate,paper,retro,style,textile,victorian",https://image.shutterstock.com/image-vector/vector-illustration-damask-seamless-floral-600w-745639774.jpg,"[{'url': 'https://image.shutterstock.com/image-vector/vector-illustration-damask-seamless-floral-600w-745639774.jpg', 'path': 'full/ade24921b7199957ef53862e2e84975ba6ab7a88.jpg', 'checksum': '0bd68cbd37f7670d429b030ab88a95a6'}]"
1466362727,1,seamless+pattern+damask,illustration,olgers,"Watercolor abstract geometric seamless pattern. Vintage decorative moroccan texture with gold line. Watercolour hand drawn purple blue teal golden background. Print for textile, wallpaper, wrapping.","pattern,purple,background,arabian,teal,watercolour,bohemian,seamless,arabic,glitter,wallpaper,abstract,art,blue,colour,contour,damask,decor,decoration,design,drawn,fabric,geometric,glass,glittering,gold,golden,green,hand,illustration,indian,interior,moroccan,motif,oriental,ornament,paint,paper,print,retro,silk,style,textile,texture,tile,turkish,turquoise,vintage,watercolor,wrapping",https://image.shutterstock.com/image-illustration/watercolor-abstract-geometric-seamless-pattern-600w-1466362727.jpg,"[{'url': 'https://image.shutterstock.com/image-illustration/watercolor-abstract-geometric-seamless-pattern-600w-1466362727.jpg', 'path': 'full/293467971ad7393c0140d06d4aa4e7e45a53e6a5.jpg', 'checksum': '963460e050950d40ef89fe845033241b'}]"
1658508886,1,seamless+pattern+damask,illustration,Irina+Mishina,Paisley Floral oriental ethnic Pattern. Seamless Arabic Ornament. Ornamental motifs of the Indian fabric patterns,"paisley,pattern,backdrop,background,bohemian,bright,card,ceramic,color,colorful,craft,damask,decoration,design,drawn,electric,element,embroidery,ethnic,fabric,fashion,floral,folk,graphic,mexican,mexico,native,ornament,print,repeat,retro,seamless,shape,style,textile,texture,tile,traditional,tribal,vintage,wallpaper,wrapping",https://image.shutterstock.com/image-illustration/paisley-floral-oriental-ethnic-pattern-600w-1658508886.jpg,"[{'url': 'https://image.shutterstock.com/image-illustration/paisley-floral-oriental-ethnic-pattern-600w-1658508886.jpg', 'path': 'full/0aaae92cafc2285ce4d3bf897c73b23d8868dd5b.jpg', 'checksum': 'ea3a7c98ff882fa4fd97d93a5c9d1476'}]"
1048524835,1,seamless+pattern+damask,vector,Irina+Mishina,Paisley seamless pattern. Vintage background in batik style,"pattern,seamless,batik,damask,backdrop,background,bohemian,bright,card,ceramic,color,colorful,craft,decoration,design,drawn,electric,element,embroidery,ethnic,fabric,fashion,floral,flower,folk,graphic,mexican,mexico,native,ornament,paisley,print,repeat,retro,shape,style,textile,texture,tile,traditional,tribal,vector,vintage,wrapping",https://image.shutterstock.com/image-vector/paisley-seamless-pattern-vintage-background-600w-1048524835.jpg,"[{'url': 'https://image.shutterstock.com/image-vector/paisley-seamless-pattern-vintage-background-600w-1048524835.jpg', 'path': 'full/118867b9402b59f6312e5dff715a50cfc459b03b.jpg', 'checksum': '383c82c963efb5dc0f15faf53f62a60c'}]"
1543541453,1,seamless+pattern+damask,vector,GarryKillian,"Vector damask seamless pattern element. Classical luxury old fashioned damask ornament, royal victorian seamless texture for wallpapers, textile, wrapping. Exquisite floral baroque template.","damask,seamless,antique,pattern,baroque,vector,vintage,backdrop,background,botany,carpet,classic,coat,curve,decor,design,elegance,element,fabric,floral,flower,foliate,graphic,illustration,intricacy,leaf,luxury,nostalgia,old,ornament,ornate,paper,repetition,retro,retro styled,revival,rococo,royal,silk,stencil,style,swatch,template,textile,texture,tile,velvet,victorian,vignette,wallpaper",https://image.shutterstock.com/image-vector/vector-damask-seamless-pattern-element-600w-1543541453.jpg,"[{'url': 'https://image.shutterstock.com/image-vector/vector-damask-seamless-pattern-element-600w-1543541453.jpg', 'path': 'full/6ba915488a5bca567d91c6fbf86ec0e2ba19edf0.jpg', 'checksum': '695e58bdaf9f213d5b3887609dba4970'}]"
160009514,1,seamless+pattern+damask,vector,GarryKillian,"Vector damask seamless pattern background. Elegant luxury texture for wallpapers, backgrounds and page fill.","pattern,seamless,damask,vintage,wallpaper,vector,luxury,floral,royal,ornate,victorian,baroque,ornament,flower,background,carpet,antique,wall,design,retro,decorative,paper,old,textile,nostalgia,silk,style,art,leaf,swirl,backdrop,curve,element,illustration,template,vertical,classical,decor,elegance,flora,foliate,ornamental,plants,repetition,textured,vignette,wealth",https://image.shutterstock.com/image-vector/vector-damask-seamless-pattern-background-600w-160009514.jpg,"[{'url': 'https://image.shutterstock.com/image-vector/vector-damask-seamless-pattern-background-600w-160009514.jpg', 'path': 'full/e9e898458d4d9aff21fe1957f138174c8952a6f3.jpg', 'checksum': '3cc8fee84fd175e2fe43c4aee6813cd1'}]"
1341860246,1,seamless+pattern+damask,vector,GarryKillian,"Vector damask seamless pattern background. Classical luxury old fashioned damask ornament, royal victorian seamless texture for wallpapers, textile, wrapping. Exquisite floral baroque template","damask,pattern,baroque,seamless,backdrop,antique,carpet,classic,rococo,vector,background,botany,coat,curve,decor,design,elegance,element,fabric,floral,flower,foliate,graphic,illustration,intricacy,leaf,luxury,nostalgia,old,ornament,ornate,paper,repetition,retro,retro styled,revival,royal,silk,stencil,style,swatch,template,textile,texture,tile,velvet,victorian,vignette,vintage,wallpaper",https://image.shutterstock.com/image-vector/vector-damask-seamless-pattern-background-600w-1341860246.jpg,"[{'url': 'https://image.shutterstock.com/image-vector/vector-damask-seamless-pattern-background-600w-1341860246.jpg', 'path': 'full/c827677f26c6aca9dfddaae2a7ceb2c70cc9261e.jpg', 'checksum': '4252b7f26f5597e022ff4294cdcc1fe1'}]"
1724779540,1,seamless+pattern+damask,vector,Dama+Dama+Design,"Floral wallpaper renaissance style seamless pattern stylised flowers and leaves peach dark green sand grey color elements on pale teal background for surface design textile wrapping paper
","antique,art,backdrop,background,baroque,carpet,curtains,damask,dark,decor,decoration,decorative,design,elegance,element,flora,floral,flourishes,flower,green,grey,leaf,old,ornament,ornamental,ornate,pale,paper,pattern,renaissance,repetition,retro,rococo,royal,seamless,silk,style,surface texture,teal,textile,texture,vector,venetian,victorian,vintage,wall,wallpaper,weave,wrapping,wrapping paper",https://image.shutterstock.com/image-vector/floral-wallpaper-renaissance-style-seamless-600w-1724779540.jpg,"[{'url': 'https://image.shutterstock.com/image-vector/floral-wallpaper-renaissance-style-seamless-600w-1724779540.jpg', 'path': 'full/eb6e9455051cba8f79ccc77a3b6c7eccc129d8c5.jpg', 'checksum': 'eb3bc8e5ece879827e73663068bef8b7'}]"
601455932,1,seamless+pattern+damask,vector,Prikhnenko,Seamless white lace background with floral pattern,"lace,seamless,pattern,white,abstract,damask,romantic,fabric,floral,pink,wedding,backdrop,decoration,decorative,design,dresses,fashion,illustration,mesh,old,ornament,ornamental,silhouette,textile,texture,wallpaper",https://image.shutterstock.com/image-vector/seamless-white-lace-background-floral-600w-601455932.jpg,"[{'url': 'https://image.shutterstock.com/image-vector/seamless-white-lace-background-floral-600w-601455932.jpg', 'path': 'full/41042eeb1b0f36058e686cff8e522b172c181634.jpg', 'checksum': '248e9a1ad1d54d8b981ef28ef6258d43'}]"
1789992512,1,seamless+pattern+damask,vector,Irina+Mishina,Batik ornament. Ethnic Paisley Floral seamless pattern.,"batik,carpet,chinese,damask,deco,design,fabric,floral,flower,garnet,indian,indonesian,interior,iranian,japanese,malaysian,medieval,moroccan,paisley,patch,patchwork,pattern,rug,scarf,scrap,seamless,silk,style,textile,texture,turkish,vector",https://image.shutterstock.com/image-vector/batik-ornament-ethnic-paisley-floral-600w-1789992512.jpg,"[{'url': 'https://image.shutterstock.com/image-vector/batik-ornament-ethnic-paisley-floral-600w-1789992512.jpg', 'path': 'full/78ef758d2ee35743f4924742bc9982669d8ae767.jpg', 'checksum': '83e326a32782d65e9aa412ba9c7ea3c1'}]"
160422788,1,seamless+pattern+damask,vector,katyakatya,Vector textile / wallpaper damask seamless pattern.,"pattern,damask,scroll,seamless,floral,ornament,vector,swirl,vintage,fabric,flower,background,design,wallpaper,elegant,nature,square,style,textile,tile,collection,decor,decoration,elegance,fashion,ornamental,paper,printed,repeated,repetition,swatch,wrapping",https://image.shutterstock.com/image-vector/vector-textile-wallpaper-damask-seamless-600w-160422788.jpg,"[{'url': 'https://image.shutterstock.com/image-vector/vector-textile-wallpaper-damask-seamless-600w-160422788.jpg', 'path': 'full/079b1e9805606f9582c002dd91920036337d38b8.jpg', 'checksum': '4b370807dfbf1f7d6ac1c792f063d656'}]"
763534087,1,seamless+pattern+damask,vector,GarryKillian,"Vector damask seamless pattern element. Classical luxury old fashioned damask ornament, royal victorian seamless texture for wallpapers, textile, wrapping. Exquisite floral baroque template.","pattern,damask,ornament,seamless,royal,baroque,classic,vector,carpet,luxury,texture,vintage,background,floral,flower,wallpaper,victorian,design,graphic,leaf,velvet,element,rococo,antique,nostalgia,paper,decor,illustration,ornate,retro,style,textile,tile,backdrop,botany,coat,curve,elegance,fabric,foliate,intricacy,old,repetition,retro styled,revival,silk,stencil,swatch,template,vignette",https://image.shutterstock.com/image-vector/vector-damask-seamless-pattern-element-600w-763534087.jpg,"[{'url': 'https://image.shutterstock.com/image-vector/vector-damask-seamless-pattern-element-600w-763534087.jpg', 'path': 'full/d5fff6ab9381b11665b307ce7497bde76634256f.jpg', 'checksum': '0c6d510e780acc67ba4ccc8d53a9c89d'}]"
